-- phpMyAdmin SQL Dump
-- version 4.9.2
-- https://www.phpmyadmin.net/
--
-- Servidor: 127.0.0.1
-- Tiempo de generación: 23-01-2023 a las 23:30:47
-- Versión del servidor: 10.4.11-MariaDB
-- Versión de PHP: 7.4.1

SET SQL_MODE = "NO_AUTO_VALUE_ON_ZERO";
SET AUTOCOMMIT = 0;
START TRANSACTION;
SET time_zone = "+00:00";


/*!40101 SET @OLD_CHARACTER_SET_CLIENT=@@CHARACTER_SET_CLIENT */;
/*!40101 SET @OLD_CHARACTER_SET_RESULTS=@@CHARACTER_SET_RESULTS */;
/*!40101 SET @OLD_COLLATION_CONNECTION=@@COLLATION_CONNECTION */;
/*!40101 SET NAMES utf8mb4 */;

--
-- Base de datos: `kioscobd`
--

DELIMITER $$
--
-- Procedimientos
--
CREATE DEFINER=`root`@`localhost` PROCEDURE `prc_ListarFcr` ()  NO SQL
BEGIN
SELECT fecha, sum( opcion = 'Si' ) as Si, sum( opcion = 'No' ) as N 
FROM fcr 
WHERE DATE(fecha) >= DATE( last_day(NOW() - INTERVAL 2 MONTH) + INTERVAL 1 DAY) 
AND DATE(fecha) <= last_day( DATE(CURRENT_DATE) - INTERVAL 1 MONTH ) 
GROUP BY fecha;
END$$

CREATE DEFINER=`root`@`localhost` PROCEDURE `prc_Listarmetas` ()  NO SQL
BEGIN
SELECT * FROM metas WHERE id = 1;
END$$

CREATE DEFINER=`root`@`localhost` PROCEDURE `prc_ListarNps` ()  NO SQL
BEGIN
SELECT fecha, sum( grupo = 'Promotor' ) as promotor, sum( grupo = 'Detractor' ) as detractor 
FROM nps 
WHERE DATE(fecha) >= DATE( last_day(NOW() - INTERVAL 3 MONTH) + INTERVAL 1 DAY) 
AND DATE(fecha) <= last_day( DATE(CURRENT_DATE) - INTERVAL 2 MONTH ) 
GROUP BY fecha;
END$$

CREATE DEFINER=`root`@`localhost` PROCEDURE `prc_ListarUpDown` ()  NO SQL
SELECT n.fecha, SUM(IF(n.cruce > 0, n.cruce, 0)) AS UP, SUM(IF(n.cruce < 0, n.cruce, 0)) AS down 
FROM baseplanes n INNER JOIN asesores k ON n.asesor_id = k.id 
WHERE DATE(fecha) >= DATE( last_day(NOW() - INTERVAL 3 MONTH) + INTERVAL 1 DAY) 
AND DATE(fecha) <= last_day( DATE(CURRENT_DATE) - INTERVAL 2 MONTH ) 
GROUP BY n.fecha$$

CREATE DEFINER=`root`@`localhost` PROCEDURE `prc_ObtenerDatosDashboard` ()  BEGIN
DECLARE Up float;
DECLARE Down float;

DECLARE PromotorCantQuito int;
DECLARE DetractorCantQuito int;
DECLARE PromotorCantGye int;
DECLARE DetractorCantGye int;
DECLARE PromotorAcc int;
DECLARE DetractorAcc int;

DECLARE SiCantQuito int;
DECLARE NoCantQuito int;
DECLARE SiCantGye int;
DECLARE NoCantGye int;
DECLARE SiAcc int;
DECLARE NoAcc int;

DECLARE actualizacionBase date;
DECLARE actualizacionFcr date;
DECLARE actualizacionNps date;

DECLARE totalPro int;
DECLARE totalDec int;
DECLARE porcentajePro float;
DECLARE porcentajeDec float;

DECLARE totalSi int;
DECLARE totalNo int;
DECLARE porcentajeSi float;
DECLARE porcentajeNo float;



SET actualizacionBase = (select fecha_de_actualizacion
  from baseplanes
 order by id desc
 limit 1);
 
 SET actualizacionFcr = (select fecha_de_actualizacion
  from fcr
 order by id desc
 limit 1);
 
 SET actualizacionNps = (select fecha_de_actualizacion
  from nps
 order by id desc
 limit 1);

SET Up = (SELECT SUM(cruce)
FROM baseplanes b 
INNER JOIN asesores a
ON b.asesor_id = a.id
WHERE b.plan_id = "1");

SET Down = (SELECT SUM(cruce)
FROM baseplanes b 
INNER JOIN asesores a
ON b.asesor_id = a.id
WHERE b.plan_id = "2");

SET PromotorCantQuito = (SELECT COUNT(*)
FROM nps n 
INNER JOIN kioscos k
ON n.cac_id = k.id
INNER JOIN sites s
ON k.site_id = s.id
WHERE s.nombre = "CANT QUITO"
AND n.grupo ="Promotor"
AND DATE(fecha) >= DATE( last_day(NOW() - INTERVAL 3 MONTH) + INTERVAL 1 DAY) AND DATE(fecha) <= last_day( DATE(CURRENT_DATE) - INTERVAL 2 MONTH ) );
                
SET DetractorCantQuito = (SELECT COUNT(*)
FROM nps n 
INNER JOIN kioscos k
ON n.cac_id = k.id
INNER JOIN sites s
ON k.site_id = s.id
WHERE s.nombre = "CANT QUITO"
AND n.grupo ="Detractor"
AND DATE(fecha) >= DATE( last_day(NOW() - INTERVAL 3 MONTH) + INTERVAL 1 DAY) AND DATE(fecha) <= last_day( DATE(CURRENT_DATE) - INTERVAL 2 MONTH ));

SET PromotorCantGye = (SELECT COUNT(*)
FROM nps n 
INNER JOIN kioscos k
ON n.cac_id = k.id
INNER JOIN sites s
ON k.site_id = s.id
WHERE s.nombre = "CANT GYE"
AND n.grupo ="Promotor"
AND DATE(fecha) >= DATE( last_day(NOW() - INTERVAL 3 MONTH) + INTERVAL 1 DAY) AND DATE(fecha) <= last_day( DATE(CURRENT_DATE) - INTERVAL 2 MONTH ));
                
SET DetractorCantGye = (SELECT COUNT(*)
FROM nps n 
INNER JOIN kioscos k
ON n.cac_id = k.id
INNER JOIN sites s
ON k.site_id = s.id
WHERE s.nombre = "CANT GYE"
AND n.grupo ="Detractor"
AND DATE(fecha) >= DATE( last_day(NOW() - INTERVAL 3 MONTH) + INTERVAL 1 DAY) AND DATE(fecha) <= last_day( DATE(CURRENT_DATE) - INTERVAL 2 MONTH ));

SET PromotorAcc = (SELECT COUNT(*)
FROM nps n 
INNER JOIN kioscos k
ON n.cac_id = k.id
INNER JOIN sites s
ON k.site_id = s.id
WHERE s.nombre = "ACC GYE" AND grupo = "Promotor" AND DATE(fecha) >= DATE( last_day(NOW() - INTERVAL 3 MONTH) + INTERVAL 1 DAY) 
AND DATE(fecha) <= last_day( DATE(CURRENT_DATE) - INTERVAL 2 MONTH ) );
                
SET DetractorAcc = (SELECT COUNT(*)
FROM nps n 
INNER JOIN kioscos k
ON n.cac_id = k.id
INNER JOIN sites s
ON k.site_id = s.id
WHERE s.nombre = "ACC GYE" AND grupo = "Detractor" AND DATE(fecha) >= DATE( last_day(NOW() - INTERVAL 3 MONTH) + INTERVAL 1 DAY) 
AND DATE(fecha) <= last_day( DATE(CURRENT_DATE) - INTERVAL 2 MONTH ) );

SET SiCantQuito = (SELECT COUNT(*) 
FROM fcr n 
INNER JOIN kioscos k ON n.cac_id = k.id 
INNER JOIN sites s ON k.site_id = s.id 
WHERE s.nombre = "CANT QUITO" 
AND n.opcion ="Si" 
AND DATE(fecha) >= DATE( last_day(NOW() - INTERVAL 2 MONTH) + INTERVAL 1 DAY) 
AND DATE(fecha) <= last_day( DATE(CURRENT_DATE) - INTERVAL 1 MONTH ));

SET NoCantQuito = (SELECT COUNT(*) 
FROM fcr n 
INNER JOIN kioscos k ON n.cac_id = k.id 
INNER JOIN sites s ON k.site_id = s.id 
WHERE s.nombre = "CANT QUITO" 
AND n.opcion ="No" 
AND DATE(fecha) >= DATE( last_day(NOW() - INTERVAL 2 MONTH) + INTERVAL 1 DAY) 
AND DATE(fecha) <= last_day( DATE(CURRENT_DATE) - INTERVAL 1 MONTH ));

SET SiCantGye = (SELECT COUNT(*) 
FROM fcr n 
INNER JOIN kioscos k ON n.cac_id = k.id 
INNER JOIN sites s ON k.site_id = s.id 
WHERE s.nombre = "CANT GYE" 
AND n.opcion ="Si" 
AND DATE(fecha) >= DATE( last_day(NOW() - INTERVAL 2 MONTH) + INTERVAL 1 DAY) 
AND DATE(fecha) <= last_day( DATE(CURRENT_DATE) - INTERVAL 1 MONTH ));

SET NoCantGye = (SELECT COUNT(*) 
FROM fcr n 
INNER JOIN kioscos k ON n.cac_id = k.id 
INNER JOIN sites s ON k.site_id = s.id 
WHERE s.nombre = "CANT GYE" 
AND n.opcion ="No" 
AND DATE(fecha) >= DATE( last_day(NOW() - INTERVAL 2 MONTH) + INTERVAL 1 DAY) 
AND DATE(fecha) <= last_day( DATE(CURRENT_DATE) - INTERVAL 1 MONTH ));

SET SiAcc = (SELECT COUNT(*) 
FROM fcr n 
INNER JOIN kioscos k ON n.cac_id = k.id 
INNER JOIN sites s ON k.site_id = s.id 
WHERE s.nombre = "ACC GYE" 
AND n.opcion ="Si" 
AND DATE(fecha) >= DATE( last_day(NOW() - INTERVAL 2 MONTH) + INTERVAL 1 DAY) 
AND DATE(fecha) <= last_day( DATE(CURRENT_DATE) - INTERVAL 1 MONTH ));

SET NoAcc = (SELECT COUNT(*) 
FROM fcr n 
INNER JOIN kioscos k ON n.cac_id = k.id 
INNER JOIN sites s ON k.site_id = s.id 
WHERE s.nombre = "ACC GYE" 
AND n.opcion ="No" 
AND DATE(fecha) >= DATE( last_day(NOW() - INTERVAL 2 MONTH) + INTERVAL 1 DAY) 
AND DATE(fecha) <= last_day( DATE(CURRENT_DATE) - INTERVAL 1 MONTH ));

set totalPro = (PromotorCantQuito + PromotorCantGye + PromotorAcc);
SET totalDec =(DetractorCantQuito + DetractorCantGye + DetractorAcc);


SET porcentajePro = ((totalPro / (totalDec + totalPro))*100);
SET porcentajeDec = ((totalDec / (totalDec + totalPro))*100);

set totalSi = (SiCantQuito + SiCantGye + SiAcc);
SET totalNo =(NoCantQuito + NoCantGye + NoAcc);


SET porcentajeSi = ((totalSi / (totalNo + totalSi))*100);
SET porcentajeNo = ((totalNo / (totalNo + totalSi))*100);

SELECT IFNULL(Up,0) AS Up,
       IFNULL(Down,0) AS Down,
       IFNULL(PromotorCantQuito,0) AS PromotorCantQuito,
       IFNULL(DetractorCantQuito,0) AS DetractorCantQuito,
       IFNULL(PromotorCantGye,0) AS PromotorCantGye,
       IFNULL(DetractorCantGye,0) AS DetractorCantGye,
       IFNULL(PromotorAcc,0) AS PromotorAcc,
       IFNULL(DetractorAcc,0) AS DetractorAcc,
	   IFNULL(SiCantQuito,0) AS SiCantQuito,
       IFNULL(NoCantQuito,0) AS NoCantQuito,
       IFNULL(SiCantGye,0) AS SiCantGye,
       IFNULL(NoCantGye,0) AS NoCantGye,
       IFNULL(SiAcc,0) AS SiAcc,
       IFNULL(NoAcc,0) AS NoAcc,
       IFNULL(actualizacionBase,0) AS actualizacionBase,
       IFNULL(actualizacionFcr,0) AS actualizacionFcr,
       IFNULL(actualizacionNps,0) AS actualizacionNps,
       IFNULL(totalPro,0) AS totalPro,
       IFNULL(totalDec,0) AS totalDec,
       IFNULL(porcentajePro,0) AS porcentajePro,
       IFNULL(porcentajeDec,0) AS porcentajeDec,
       IFNULL(totalSi,0) AS totalSi,
       IFNULL(totalNo,0) AS totalNo,
       IFNULL(porcentajeSi,0) AS porcentajeSi,
       IFNULL(porcentajeNo,0) AS porcentajeNo;

END$$

CREATE DEFINER=`root`@`localhost` PROCEDURE `prc_UpDownAsesoresAcc` ()  NO SQL
BEGIN
SELECT k.nombre, SUM(IF(n.cruce>0, n.cruce, 0)) AS UP, SUM(IF(n.cruce<0, n.cruce, 0)) AS down 
FROM baseplanes n INNER JOIN asesores k ON n.asesor_id = k.id WHERE k.site_id=3 
AND date (fecha) >= date(last_day(now() - INTERVAL 3 month) + INTERVAL 1 day) 
and date(fecha) <= last_day(date(CURRENT_DATE)- INTERVAL 2 month) GROUP BY k.nombre;
END$$

CREATE DEFINER=`root`@`localhost` PROCEDURE `prc_UpDownAsesoresCant1` ()  NO SQL
SELECT k.nombre, SUM(IF(n.cruce>0, n.cruce, 0)) AS UP, SUM(IF(n.cruce<0, n.cruce, 0)) AS down 
FROM baseplanes n INNER JOIN asesores k ON n.asesor_id = k.id WHERE k.site_id=1 
AND date (fecha) >= date(last_day(now() - INTERVAL 3 month) + INTERVAL 1 day) 
and date(fecha) <= last_day(date(CURRENT_DATE)- INTERVAL 2 month) GROUP BY k.nombre$$

CREATE DEFINER=`root`@`localhost` PROCEDURE `prc_UpDownAsesoresCant2` ()  NO SQL
BEGIN
SELECT k.nombre, SUM(IF(n.cruce>0, n.cruce, 0)) AS UP, SUM(IF(n.cruce<0, n.cruce, 0)) AS down 
FROM baseplanes n INNER JOIN asesores k ON n.asesor_id = k.id WHERE k.site_id=2 
AND date (fecha) >= date(last_day(now() - INTERVAL 3 month) + INTERVAL 1 day) 
and date(fecha) <= last_day(date(CURRENT_DATE)- INTERVAL 2 month) GROUP BY k.nombre;
END$$

DELIMITER ;

-- --------------------------------------------------------

--
-- Estructura de tabla para la tabla `asesores`
--

CREATE TABLE `asesores` (
  `id` int(11) NOT NULL,
  `nombre` varchar(140) NOT NULL,
  `campaña` varchar(40) NOT NULL,
  `cargo` varchar(40) NOT NULL,
  `axis` varchar(40) NOT NULL,
  `crmone` varchar(40) NOT NULL,
  `crmportal` varchar(100) NOT NULL,
  `sga` varchar(100) NOT NULL,
  `fechaIngreso` varchar(40) NOT NULL,
  `fechaSalida` varchar(40) DEFAULT NULL,
  `estado` varchar(40) NOT NULL,
  `site_id` int(11) NOT NULL
) ENGINE=InnoDB DEFAULT CHARSET=utf8mb4;

--
-- Volcado de datos para la tabla `asesores`
--

INSERT INTO `asesores` (`id`, `nombre`, `campaña`, `cargo`, `axis`, `crmone`, `crmportal`, `sga`, `fechaIngreso`, `fechaSalida`, `estado`, `site_id`) VALUES
(1, 'CRUZ? VILLON ALLISON? DAYANA ', 'KIOSCO', 'ASESOR', 'NTGACRUL', 'NTGACRUL', 'NTGACRUV', 'CANACRUV', '1/12/2022', '', 'ACTIVO', 2),
(2, 'FRIAS ANDRANGO JOSE ANDRES ', 'KIOSCO', 'ASESOR', 'NTGJFRIA', 'NTGJFRIA', 'NTGJFRIA', 'CANJFRIA', '1/12/2022', '', 'ACTIVO', 1),
(3, 'HERRERA RIOS JOSUE SEBASTIAN', 'KIOSCO', 'ASESOR', 'PENDIENTE', 'NTGJHERR', 'NTGJHERI', 'PENDIENTE DE CREACION', '22/11/2022', '', 'ACTIVO', 1),
(4, 'ASPIAZU GRANDA ALEJANDRA CAROLA ', 'KIOSCO', 'SOPORTE DE SUPERVISION', 'NTGAASPN', 'NTGAASPN', ' NTGAASPG', 'PENDIENTE DE CREACION', '1/1/2021', '30/11/2022', 'CESANTE', 2),
(5, 'CUEVA CHALUISA DENNISE CAROLINA', 'KIOSCO', 'ASESOR', 'NTGDCUEH', 'NTGDCUEH', 'NTGDCUEC', 'PENDIENTE DE CREACION', '15/8/2022', '', 'ACTIVO', 1),
(6, 'ROCIO BELEN ANDRADE PARDO', 'KIOSCO', 'ASESOR', 'NTGRANDP', 'NTGRANDP', 'NTGRANDP', 'PENDIENTE DE CREACION', '9/11/2022', '', 'ACTIVO', 1),
(7, 'ABRAHAM JOSUE SALAZAR TOBAR', 'KIOSCO', 'ASESOR', 'NTGASALB', 'NTGASALB', 'NTGASALB', 'PENDIENTE DE CREACION', '9/11/2022', '28/11/2022', 'CESANTE', 2),
(8, 'GUANOLUISA UYANA STEVEN KLEVER', 'KIOSCO', 'ASESOR', 'NTGSGUAU', 'NTGSGUAU', 'NTGSGUAU', 'PENDIENTE DE CREACION', '21/11/2022', '', 'ACTIVO', 1),
(9, 'CONFORME PARRA KATHERINE ELIZABETH', 'KIOSCO', 'ASESOR', 'NTGKCONP', 'NTGKCONP', 'NTGKCONA', 'PENDIENTE DE CREACION', '13/10/2022', '', 'ACTIVO', 2),
(10, 'RUIZ VELEZ HILARY VIRGINIA', 'KIOSCO', 'ASESOR', 'NTGHRUIL', 'NTGHRUIL', 'NTGHRUIL', 'PENDIENTE DE CREACION', '7/10/2022', '', 'ACTIVO', 2),
(11, 'SOLIS AGUAS NATALIE MELLISSA ', 'KIOSCO', 'ASESOR', 'NTGNSOLG', 'NTGNSOLA', 'NTGNSOLA', 'CANNSOLA', '26/9/2022', '', 'ACTIVO', 2),
(12, 'CHAVEZ SALAZAR  MOISES NATHANAEL ', 'KIOSCO', 'ASESOR', 'NTGMCHAS', 'NTGMCHAL', 'NTGMCHAS', 'CANLBOHR', '1/9/2022', '', 'ACTIVO', 2),
(13, 'MORAN PIN ANGIELICA CRISTAL', 'KIOSCO', 'ASESOR', 'NTGAMORP', 'NTGAMORP', 'NTGAMORP', 'NTGAMORP', '26/7/2021', '', 'ACTIVO', 2),
(14, 'MORALES ALCIVAR  RAUL DANIEL ', 'KIOSCO', 'ASESOR', 'NTGRMORC', 'NTGRMORC', 'NTGRMORC', 'CANRMORA', '1/8/2022', '30/11/2022', 'CESANTE', 2),
(15, 'VELEZ ALVARADO  ANDY MICHAEL', 'KIOSCO', 'ASESOR', 'NTGAVELA', 'NTGAVELA', 'NTGAVELA', 'CANAVELA', '1/8/2022', '', 'ACTIVO', 2),
(16, 'CEDE?O PLUAS  DEBORAH STEFANY', 'KIOSCO', 'ASESOR', 'NTGDCEDP', 'NTGDCEDP', 'NTGDCEDP', 'CANDCEDP', '8//2022', '', 'ACTIVO', 2),
(17, 'MARCILLO CEDE?O BEYDA BETSAIDA', 'KIOSCO', 'ASESOR', 'NTGBMARC', 'NTGBMARE', 'NTGBMARC', 'NTGBMARC', '20/7/2021', '', 'ACTIVO', 2),
(18, 'ZAMBRANO MORALES JOSELYN TAMARA', 'KIOSCO', 'ASESOR', 'NTGJZAML', 'NTGJZAML', 'NTGJZAMM', 'CANJZAMM', '4/1/2021', '', 'ACTIVO', 2),
(19, 'RODRIGUEZ LOPEZ ANGELICA ESTEFANIA', 'KIOSCO', 'ASESOR', 'NTGARODL', 'NTGARODL', 'NTGARODL', 'CANARODL', '24/5/2021', '', 'ACTIVO', 2),
(20, 'VERA BURBANO  JAIRO TOMAS', 'KIOSCO', 'ASESOR', 'NTGJVERB', 'NTGJVERB', 'NTGJVERU', 'NTGJVERB', '7/7/2022', '', 'ACTIVO', 2),
(21, 'MONTA?O RODRIGUEZ JULIANNA LISBETH', 'KIOSCO', 'SUPERVISOR', 'NTGJMOND', 'NTGJMOND', 'NTGJMOND', 'CANJIMOR', '9/8/2020', '', 'ACTIVO', 2),
(22, 'SALAS FREIRE VIVIANA MARILIN ', 'KIOSCO', 'ANALISTA CALIDAD', 'NTGVSALE', 'NTGVSALE', 'NTGVSALE', 'CANVSALF', '31/1/2021', '', 'ACTIVO', 2),
(23, 'LEON PINCAY MARGARETH PATRICIA', 'KIOSCO', 'CAPACITADOR', 'NTGMLEOP', 'NTGMLEOP', 'NTGMLEOP', 'NTGMLEOP', '2/12/2020', '', 'ACTIVO', 2),
(24, 'SANCHEZ CHAVEZ FABIANNA PAULETTE', 'KIOSCO', 'BACK OPERACIONES', 'NTGFSANC', 'NTGFSANC', 'NTGFSANC', 'CANFSANC', '8/2/2021', '', 'ACTIVO', 2),
(25, 'ALVAREZ VELEZ MIGUEL ANDRES', 'KIOSCO', 'ASESOR', 'NTGMALVE', 'NTGMALVE', 'NTGMALVE', 'CANMALVV', '4/4/2022', '', 'ACTIVO', 2),
(26, 'YEPEZ CEDE?O ARISAY YANINA', 'KIOSCO', 'ASESOR', 'NTGAYEPC', 'NTGAYEPC', 'NTGAYEPC', 'CANAYEPC', '7/4/2022', '', 'ACTIVO', 2),
(27, 'LUIGGY ANDRES VALVERDE CORDERO ', 'KIOSCO', 'ASESOR', 'NTGLVALC', 'NTGLVALC', 'NTGLVALC', 'CANLVALC', '12/5/2022', '', 'ACTIVO', 2),
(28, 'JALCA POSLIGUA  DENISSE JOHANNA', 'KIOSCO', 'ASESOR', 'NTGDJALP', 'NTGDJALP', 'NTGDJALP', 'PENDIENTE DE CREACION', '2/6/2022', '', 'ACTIVO', 2),
(29, 'CARVACHE TUTIVEN FRANCISCO ALBERTO ', 'KIOSCO', 'ASESOR', 'NTGFCART', 'NTGFCART', 'NTGFCART', 'CANFCART', '6/5/2022', '', 'ACTIVO', 2),
(30, 'MORALES MARTINEZ JOSUE JAVIER  ', 'KIOSCO', 'ASESOR', 'NTGJAREA', 'NTGJAREA', 'NTGJAREC', 'PENDIENTE DE CREACION', '24/10/2022', '', 'ACTIVO', 1),
(31, 'QUISHPE SOTO SAMANTA BELEN', 'KIOSCO', 'ASESOR', 'NTGSQUIO', 'NTGSQUIO', 'NTGSQUIO', 'PENDIENTE DE CREACION', '1/10/2022', '', 'ACTIVO', 1),
(32, 'CASA SANCHEZ GENESIS ALEJANDRA', 'KIOSCO', 'ASESOR', 'NTGGCASS', 'NTGGCASS', 'NTGGCASS', 'CANMCHAS', '10/9/2022', '', 'ACTIVO', 1),
(33, 'GARCIA LOYO EDWIN JESUS DE NAZARETH', 'KIOSCO', 'ASESOR', 'NTGEGARY', 'NTGEGARY', 'NTGEGARL', 'PENDIENTE DE CREACION', '10/9/2022', '', 'ACTIVO', 1),
(34, 'PEREZ EULACIO JIMMI FERNANDO', 'KIOSCO', 'CAPACITADOR', 'NTGJPERL', 'NTGJPERU', 'NTGJPERE ', 'NTGJPERE', '2/12/2018', '', 'ACTIVO', 1),
(35, 'PROA?O CHINCHIN CYNTHIA NICOLE', 'KIOSCO', 'ASESOR', 'NTGCPROI', 'NTGCPROI', 'NTGCPROC', 'CANCPROC', '2/10/2020', '', 'ACTIVO', 1),
(36, 'VIZUETE ELBAY DAVID ALEJANDRO', 'KIOSCO', 'ASESOR', 'NTGDVIZL', 'NTGDVIZL', 'NTGDVIZE', 'CANDVIZE', '17/6/2021', '', 'ACTIVO', 1),
(37, 'PANZA LARREA JEFFERSON ANDRES', 'KIOSCO', 'ASESOR', 'NTGJPANA', 'NTGJPANA', 'NTGJPANL', 'CANJPANL', '1/11/2021', '', 'ACTIVO', 1),
(38, 'SARANGO GONZALEZ COSME BRYAN', 'KIOSCO', 'SUPERVISOR', 'NTGCSARO', 'NTGCSARO', 'NTGCSARG', 'CANCSARG', '3/12/2019', '', 'ACTIVO', 1),
(39, 'ZAMBRANO ROMERO JONATHAN RICARDO', 'KIOSCO', 'SOPORTE DE SUPERVISION', 'NTGJZAMO', 'NTGJZAMO', 'NTGJZAMR', 'NTGJZAMR', '19/3/2022', '', 'ACTIVO', 1),
(40, 'GUAMAN TONATO MYRIAN MARGOTH', 'KIOSCO', 'ASESOR', 'NTGMGUAT', 'NTGMGUAT', 'NTGMGUAT', 'PENDIENTE DE CREACION', '25/3/2022', '', 'ACTIVO', 1),
(41, 'CEDE?O GONZALEZ CRISTINA GALUTH', 'KIOSCO', 'ASESOR', 'NTGCCEDO', 'NTGCCEDO', 'NTGCCEDG', 'PENDIENTE DE CREACION', '2/4/2022', '', 'ACTIVO', 1),
(42, 'OROZCO CRUZ BRIGITE NAYELIE', 'KIOSCO', 'ASESOR', 'NTGNOROC', 'NTGNOROC', 'NTGNOROC', 'CANNOROC', '2/6/2022', '', 'ACTIVO', 1),
(43, 'PEREZ EULACIO HECTOR FERNANDO', 'KIOSCO', 'ASESOR', 'NTGJPERL', 'NTGJPERL', 'NTGHPERE', 'CANHPERE', '2/6/2022', '', 'ACTIVO', 1),
(44, 'VELASQUEZ VANEGAS YULETZIS MARIA', 'KIOSCO', 'ANALISTA CALIDAD', 'NTGYVELA', 'NTGYVELA', 'NTGYVELA', 'CANYVELV', '1/9/2022', '', 'ACTIVO', 1),
(45, 'LUIS MIGUEL ENRIQUEZ PATI?O', 'KIOSCO', 'ASESOR', 'NTGLENRP', 'NTGLENRP', 'ntglenrp', 'PENDIENTE DE CREACION', '9/11/2022', '22/11/2022', 'CESANTE', 1),
(46, 'LESLI ANABEL TASIGUANO GUAMAN', 'KIOSCO', 'ASESOR', 'NTGLTASG', 'NTGLTASG', 'ntgltasg', 'PENDIENTE DE CREACION', '9/11/2022', '22/11/2022', 'CESANTE', 1),
(47, 'DANIEL ALEXANDER MARCILLO MENDEZ', 'KIOSCO', 'ASESOR', 'NTGDMARM', 'NTGDMARM', 'ntgdmare', 'PENDIENTE DE CREACION', '9/11/2022', '22/11/2022', 'CESANTE', 1),
(48, 'JOSUE FRANCISCO PALADINES CELI', 'KIOSCO', 'ASESOR', 'NTGJPALL', 'NTGJPALL', 'ntgjpalc', 'PENDIENTE DE CREACION', '9/11/2022', '22/11/2022', 'CESANTE', 1),
(49, 'KUFFO RIVADENEIRA MARTHA MARIA', 'KIOSCO', 'ASESOR', 'NTGMKUFR', 'NTGMKUFR', 'NTGMKUFR', 'PENDIENTE DE CREACION', '28/10/2022', '22/11/2022', 'CESANTE', 1),
(50, 'AREVALO CAJAMARCA JAMMY DAYANA', 'KIOSCO', 'ASESOR', 'NTGJMOR17', 'NTGJMOR17', 'NTGJMORM', 'PENDIENTE DE CREACION', '24/10/2022', '22/11/2022', 'CESANTE', 1),
(51, 'LEON VASCONEZ ISRAEL ALEXANDER', 'KIOSCO', 'ASESOR', 'NTGILEOV', 'NTGILEOV', 'NTGILEOV', 'PENDIENTE DE CREACION', '15/8/2022', '14/11/2022', 'CESANTE', 1),
(52, 'MENDOZA ALBUJA MARIA JOSE', 'KIOSCO', 'ASESOR', 'NTGMMENL', 'NTGMMENL', 'NTGMMENA', 'NTUMMENA', '25/3/2022', '22/11/2022', 'CESANTE', 1),
(53, 'TACO LAGUA?A STEVEN JUSTIN', 'KIOSCO', 'ASESOR', 'NTGJTACL', 'NTGJTACL', 'NTGJTACL', 'CANJTACL', '2/6/2022', '22/11/2022', 'CESANTE', 1),
(54, 'MONTIEL PESANTES XAVIER ANTONIO', 'KIOSCO', 'ASESOR', 'NTGXMONP', 'NTGXMONP', 'NTGXMONP', 'PENDIENTE DE CREACION', '24/10/2022', '26/10/2022', 'CESANTE', 2),
(55, 'BOHORQUEZ REYES  LUIGI EMANUEL', 'KIOSCO', 'ASESOR', 'NTGLBOHR', 'NTGLBOHR', 'NTGLBOHR', 'PENDIENTE DE CREACION', '1/9/2022', '8/10/2022', 'CESANTE', 2),
(56, 'IZQUIERDO ROSADO KATHERINE TATIANA', 'KIOSCO', 'ASESOR', 'NTGKIZQO', 'NTGKIZQO', 'NTGKIZQR', 'CANKIZQR', '9/10/2020', '16/9/2022', 'CESANTE', 2),
(57, 'ASPIAZU GRANDA ALEJANDRA CAROLA ', 'KIOSCO', 'SOPORTE DE SUPERVISION', 'NTGAASPN', 'NTGAASPN', ' NTGAASPG', 'CANAASPG', '1/1/2021', '30/9/2022', 'CESANTE', 2),
(58, 'MURIEl LADINES NICOLE ABIGAIL ', 'KIOSCO', 'ASESOR', 'NTGNMURA', 'NTGNMURA', 'NTGNMURA', 'CANNMURL', '7/1/2022', '30/9/2022', 'CESANTE', 2),
(59, 'CRUZ? VILLON ALLISON? DAYANA ', 'KIOSCO', 'ASESOR', 'NTGACRUL', 'NTGACRUL', 'NTGACRUV', 'CANACRUV', '9/1/2022', '14/6/2022', 'CESANTE', 2),
(60, 'ARELLANO TORRES BRITNEY GISELLE', 'KIOSCO', 'ASESOR', 'NTGBARET', 'NTGBARET', 'NTGBARET', 'NTGBARET', '29/6/2022', '7/10/2022', 'CESANTE', 2),
(61, 'AGUIRRE SALAVARRIA MARIA FERNANDA', 'KIOSCO', 'ASESOR', 'NTGMAGUR', 'NTGMAGUR', 'NTGMAGUS', 'NTGMAGUS', '1/9/2020', '31/8/2022', 'CESANTE', 2),
(62, 'LAZO BONE  CARMEN TATIANA ', 'KIOSCO', 'ASESOR', 'NTGCLAZB', 'NTGCLAZB', 'NTGCLAZB', 'CANCLAZB', '9/5/2022', '13/7/2022', 'CESANTE', 2),
(63, 'BERMEO NARVAEZ  MICHELLE STEPHANIA', 'KIOSCO', 'ASESOR', 'NTGMBERN', 'NTGMBERN', 'PENDIENTE DE CREACION', 'PENDIENTE DE CREACION', '7/7/2022', '8/7/2022', 'CESANTE', 2),
(64, 'ALVARADO RONQUILLO GINGER ANDREINA ', 'KIOSCO', 'ASESOR', 'NTGGALVQ', 'NTGGALVQ', 'NTGGALVN', 'CANGALVR ', '3/1/2022', '8/7/2022', 'CESANTE', 2),
(65, 'VALVERDE HERNANDEZ  BRYAN LUIS', 'KIOSCO', 'ASESOR', 'NTGBVALH', 'NTGBVALH', 'NTGBVALH', 'CANBVALH', '6/5/2022', '18/7/2022', 'CESANTE', 2),
(66, 'KNEZEVICH PALACIOS MIRKO STEVEN', 'KIOSCO', 'ASESOR', 'NTGMKNEL', 'NTGMKNEL', 'NTGMKNEL', 'CANMKNEA', '24/5/2022', '2/8/2022', 'CESANTE', 2),
(67, 'NAVAS AGUIRRE JOHN EDWIN', 'KIOSCO', 'ASESOR', 'NTGJNAVA', 'NTGJNAVU', 'NTGJNAVU', 'NTGJNAVA', '16/6/2022', '31/8/2022', 'CESANTE', 2),
(68, 'MARCILLO CEDE?O BEYDA BETSAIDA', 'KIOSCO', 'ASESOR', 'NTGBMARD', 'NTGBMARD', 'NTGBMARC', 'CANBMARC', '26/7/2021', '2/7/2022', 'CESANTE', 2),
(69, 'AGUAYO MOREIRA NICOLE JAMILET', 'KIOSCO', 'ASESOR', 'NTGNAGUO', 'NTGNAGUO', 'NTGNAGUO', 'CANNAGUM', '2/2/2021', '27/6/2022', 'CESANTE', 2),
(70, 'SANTANA BANCHON KATHERINE VANESSA', 'KIOSCO', 'ASESOR', 'NTGKSANN', 'NTGKSANN', 'NTGKSANN', 'CANKSANB', '1/4/2022', '15/6/2022', 'CESANTE', 2),
(71, 'SALVATIERRA CASTRO JHOSUE GABRIEL', 'KIOSCO', 'ASESOR', 'NTGJSALS', 'NTGJSALS', 'NTGJSALS', 'PENDIENTE DE CREACION', '6/6/2022', '13/6/2022', 'CESANTE', 2),
(72, 'IVANIA DALIXI HINOSTROZA AVILES ', 'KIOSCO', 'ASESOR', 'NTGIHINA', 'NTGIHINA', 'NTGIHINA', 'CANIHINA', '11/5/2022', '13/5/2020', 'CESANTE', 2),
(73, 'REYES ZABALA ANGGIE MICHELLE', 'KIOSCO', 'ASESOR', 'NTGAREYZ', 'NTGAREYZ', 'NTGAREYZ', 'CANAREYZ', '2/3/2021', '6/5/2022', 'CESANTE', 2),
(74, 'RAMOS YCAZA LUIS FERNANDO ', 'KIOSCO', 'SUPERVISOR', 'NTGLRAMA', 'NTGLRAMA', 'NTGLRAMY', 'CANLRAMY', '1/4/2019', '11/5/2022', 'CESANTE', 2),
(75, 'MACIAS MOREIRA JENNIFFER NAOMI', 'KIOSCO', 'ASESOR', 'NTGJMACO', 'NTGJMACO', 'NTGJMACM', 'CANJMACM', '1/4/2022', '6/5/2022', 'CESANTE', 2),
(76, 'SUPPO PANCHANA KLEBER ARTURO', 'KIOSCO', 'ASESOR', 'NTGKSUPP', 'NTGKSUPP', 'NTGKSUPP', 'NTGKSUPP', '3/3/2021', '23/4/2022', 'CESANTE', 2),
(77, 'ACOSTA MATO ROMINA ALEXANDRA ', 'KIOSCO', 'ASESOR', 'NTGRACOA', 'NTGRACOA', 'NTGRACOM', 'CANRACOM', '4/1/2021', '18/4/2022', 'CESANTE', 2),
(78, 'YEPEZ VELASQUEZ MARTHY FERNANDA', 'KIOSCO', 'ASESOR', 'NTGMYEPL', 'NTGMYEPL', 'NTGMYEPE', 'CANMYEPV', '18/7/2020', '7/4/2022', 'CESANTE', 2),
(79, 'PACHECO BRIONES ZORAYDA JOHANA', 'KIOSCO', 'ASESOR', 'NTGZPACB', 'NTGZPACB', 'NTGZPACB', 'CANZPACB', '21/12/2020', '25/3/2022', 'CESANTE', 2),
(80, 'INGA MONTES CHARLES ALBERT', 'KIOSCO', 'ASESOR', 'NTGCINGM', 'NTGCINGO', 'NTGCINGM', 'CANCINGM', '24/9/2021', '7/3/2022', 'CESANTE', 2),
(81, 'SANDOVAL OCHOA ELIANA ESTEFANIA ', 'KIOSCO', 'ASESOR', 'NTGESANO', 'NTGESAN3', 'NTGESANO', 'CANESANO', '3/1/2022', '5/3/2022', 'CESANTE', 2),
(82, 'ORRALA FLORES JEANELLA PAULETTE ', 'KIOSCO', 'ASESOR', 'NTGJORRF', 'NTGJORRF', 'NTGJORRF', 'CANJORRF', '6/1/2022', '25/2/2022', 'CESANTE', 2),
(83, 'KNEZEVICH PALACIOS MIRKO STEVEN', 'KIOSCO', 'ASESOR', 'NTGMKNEA', 'NTGMKNEA', 'NTGMKNEA', 'CANMKNEA', '23/11/2021', '5/3/2022', 'CESANTE', 2),
(84, 'SOSA LOPEZ GENESIS SCARLETH', 'KIOSCO', 'ASESOR', 'NTGGSOSL', 'NTGGSOSL', 'NTGGSOSL', 'CANGSOSL', '22/7/2021', '25/2/2022', 'CESANTE', 2),
(85, 'ANGEL MAGALLANES CAROL IVONNE', 'KIOSCO', 'ASESOR', 'NTGCANGM', 'NTGCANGM', 'NTGCANGM', 'CANCANGM', '21/7/2021', '31/1/2022', 'CESANTE', 2),
(86, 'ANGEL MAGALLANES CAROL IVONNE', 'KIOSCO', 'ASESOR', 'NTGCANGM', 'NTGCANGM', 'NTGCANGM', 'CANCANGM', '21/7/2021', '31/1/2022', 'CESANTE', 2),
(87, 'RODRIGUEZ CHEQUER JONATHAN GREGORIO', 'KIOSCO', 'ASESOR', 'NTGJRODR', 'NTGJRODR', 'NTGJRODH', 'CANJRODC', '5/1/2021', '3/1/2022', 'CESANTE', 2),
(88, 'QUISHPE SIERRA  ESTEBAN IGNACIO', 'KIOSCO', 'ASESOR', 'NTGJPERL', 'NTGEQUIR', 'NTGEQUIS', 'PENDIENTE DE CREACION', '3/10/2022', '25/10/2022', 'CESANTE', 1),
(89, 'ESPINOZA ESPINOZA KAREN MIRELLY', 'KIOSCO', 'ASESOR', 'NTGKESPS', 'NTGKESPS', 'NTGKESPE', 'NTGKESPE', '17/5/2018', '18/9/2022', 'CESANTE', 1),
(90, 'RODRIGUEZ MOSQUERA PAULA CAMILA', 'KIOSCO', 'ASESOR', 'NTGPRODM', 'NTGPRODM', 'NTGPRODM', 'CANPRODM', '7/5/2021', '28/10/2022', 'CESANTE', 1),
(91, 'VELIZ ANDRADE MARIA CRISTINA', 'KIOSCO', 'ANALISTA CALIDAD', 'NTGMVEL7', 'NTGMVEL7', 'NTGMVEL7', 'PENDIENTE DE CREACION', '21/10/2021', '30/8/2022', 'CESANTE', 1),
(92, 'MOLINA PANCHI ALEX ANTONIO', 'KIOSCO', 'ASESOR', 'NTGAMOLA', 'NTGAMOLA', 'NTGAMOLP', 'PENDIENTE DE CREACION', '1/10/2022', '22/10/2022', 'CESANTE', 1),
(93, 'VIRACOCHA TOAQUIZA ERIKA DAYANA ', 'KIOSCO', 'ASESOR', 'NTGEVIRT', 'NTGEVIRT', 'NTGEVIRT', 'PENDIENTE DE CREACION', '10/9/2022', '21/9/2022', 'CESANTE', 1),
(94, 'MEDINA TOTOY KEVIN PAUL ', 'KIOSCO', 'ASESOR', 'NTGKMEDT', 'NTGKMEDT', 'NTGKMEDT', 'PENDIENTE DE CREACION', '15/8/2022', '12/9/2022', 'CESANTE', 1),
(95, 'ZAMBRANO ROMERO JONATHAN RICARDO', 'KIOSCO', 'ASESOR', 'NTGJZAMO', 'NTGJZAMO', 'NTGJZAMR', 'NTGJZAMR', '15/2/2019', '19/3/2022', 'CESANTE', 1),
(96, 'SOLORZANO TOVAR?ERNESTO JOSE ', 'KIOSCO', 'ASESOR', 'NTGESOLT', 'NTGESOLT', 'NTGESOLT', 'CANESOLT', '11/7/2022', '4/10/2022', 'CESANTE', 1),
(97, 'FRIAS ANDRANGO JOSE ANDRES ', 'KIOSCO', 'ASESOR', 'NTGJFRIA', 'NTGJFRIA', 'NTGJFRIA', 'CANJFRIA', '6/5/2022', '30/9/2022', 'CESANTE', 1),
(98, 'PAEZ NAVARRETE LUIS DAVID', 'KIOSCO', 'ASESOR', 'NTGLPAEN', 'NTGLPAEN', 'NTGLPAEN', 'CANLPAEN', '6/5/2022', '1/10/2020', 'CESANTE', 1),
(99, 'CARRERA ECHEVERRIA GUSTAVO FABIAN ', 'KIOSCO', 'ASESOR', 'NTGGCARE', 'NTGGCARE', 'NTGGCARE', 'PENDIENTE DE CREACION', '29/8/2022', '10/8/2022', 'CESANTE', 1),
(100, 'RODRIGUEZ BUSTAMANTE MARY ELIZA', 'KIOSCO', 'ASESOR', 'NTGMRODB', 'NTGMRODB', 'NTGMRODB', 'CANMRODB', '26/12/2018', '1/9/2022', 'CESANTE', 1),
(101, 'PINOS RIVERA KATHERINE MICHELLE', 'KIOSCO', 'ASESOR', 'NTGKPINR', 'NTGKPINR', 'NTGKPINR', 'PENDIENTE DE CREACION', '08/07/022', '15/7/2022', 'CESANTE', 1),
(102, 'AMAGUA PANTOJA ARACELY PILAR', 'KIOSCO', 'ASESOR', 'NTGAAMAA', 'NTGAAMAA', 'NTGAAMAP', 'NTGAAMAP', '1/10/2020', '10/7/2022', 'CESANTE', 1),
(103, 'QUISPE RAMOS SANTIAGO OMAR', 'KIOSCO', 'ASESOR', 'NTGSQUIR', 'NTGSQUIR', 'NTGSQUIR', 'CANSQUIR', '7/5/2021', '26/8/2022', 'CESANTE', 1),
(104, 'AREQUIPA MAIGUA DENNIS DAVID ', 'KIOSCO', 'ASESOR', 'NTGDAREM', 'NTGDAREM', 'NTGDAREM', 'PENDIENTE DE CREACION', '24/2/2022', '1/8/2022', 'CESANTE', 1),
(105, 'MORALES LIMA ERIKA ALEXANDRA ', 'KIOSCO', 'ASESOR', 'NTGEMORL', 'NTGEMORL', 'NTGEMORL', 'CANEMORL', '10/5/2022', '19/8/2022', 'CESANTE', 1),
(106, 'GUANGA GUERRERO ANDRES MIGUEL', 'KIOSCO', 'ASESOR', 'NTGAGUAG', 'NTGAGUAG', 'NTGAGUAG', 'CANAGUAG', '7/5/2021', '30/6/2022', 'CESANTE', 1),
(107, 'DELGADO RANGEL NAHORVIS YUSBRADIS', 'KIOSCO', 'ASESOR', 'NTGNDELA', 'NTGNDELA', 'NTGNDELR', 'NTGNDELA', '17/2/2020', '9/6/2022', 'CESANTE', 1),
(108, 'ANDRANGO ALLAUCA ERICK FABRICIO ', 'KIOSCO', 'ASESOR', 'NTGEANDA', 'NTGEANDA', 'NTGEANDA', 'PENDIENTE DE CREACION', '6/5/2022', '12/5/2022', 'CESANTE', 1),
(109, 'MORA SIMBA?A MARIA TERESA', 'KIOSCO', 'ASESOR', 'NTGTMORS', 'NTGTMORS', 'NTGMMORB', 'NTGMMORB', '1/11/2019', '8/5/2022', 'CESANTE', 1),
(110, 'PEREZ EULACIO HECTOR FERNANDO', 'KIOSCO', 'ASESOR', 'NTGHPERE', 'NTGHPERE', 'NTGHPERE', 'CANHPERE', '21/9/2021', '8/5/2022', 'CESANTE', 1),
(111, 'CHARANCHI RUIZ KAROL MICHELLE ', 'KIOSCO', 'ASESOR', 'NTGKCHAU', 'NTGKCHAU', 'NTGKCHAU', 'PENDIENTE DE CREACION', '12/3/2022', '8/5/2022', 'CESANTE', 1),
(112, 'SOLORZANO TOVAR ERNESTO JOSE', 'KIOSCO', 'ASESOR', 'NTGESOLT', 'NTGESOLT', 'NTGESOLT', 'CANESOLT', '20/12/2021', '14/4/2022', 'CESANTE', 1),
(113, 'GRACE PRICSILA GRANDA ARCOS', 'KIOSCO', 'ASESOR', 'NTGGBANA', 'NTGGBANA', 'NTGGBANA', 'PENDIENTE DE CREACION', '12/3/2022', '31/3/2022', 'CESANTE', 1),
(114, 'GAROFALO HERRERA WILLIAN ADRIAN', 'KIOSCO', 'ASESOR', 'NTGWGARH', 'NTGWGARH', 'NTGWGARH', 'CANWGARH', '10/12/2021', '31/3/2022', 'CESANTE', 1),
(115, 'VEGA ALBAN KEVIN?SEBASTIAN', 'KIOSCO', 'ASESOR', 'NTGKVEGA', 'NTGKVEGA', 'NTGKVEGA', 'CANKVEGA', '5/8/2021', '20/12/2022', 'CESANTE', 1),
(116, 'HERRERA JARAMILLO CARLOS STEFANO', 'KIOSCO', 'ASESOR', 'NTGCHERJ', 'NTGCHERJ', 'NTGCHERJ', 'NTUCHERJ', '9/9/2020', '22/3/2022', 'CESANTE', 1),
(117, 'GABRIELA ALEJANDRA PADILLA LARA ', 'KIOSCO', 'ASESOR', 'NTGGPADAL', 'NTGGPADAL', 'NTGGPADAL', 'PENDIENTE DE CREACION', '12/3/2022', '17/3/2022', 'CESANTE', 1),
(118, 'ZAMBRANO ROMERO JONATHAN RICARDO', 'KIOSCO', 'ASESOR', 'NTGJZAMO', 'NTGJZAMO', 'NTGJZAMR', 'NTGJZAMR', '15/2/2019', '11/3/2022', 'CESANTE', 1),
(119, 'FRIAS ANDRANGO JOSE ANDRES', 'KIOSCO', 'ASESOR', 'NTGJFRIA', 'NTGJFRIA', 'NTGJFRIA', 'NTGJFRIA', '10/2/2022', '24/2/2022', 'CESANTE', 1),
(120, 'DELGADO RODRIGUEZ REYNALDO ALFREDO', 'KIOSCO', 'SUPERVISOR', 'NTGRDELI', 'NTGRDELI', 'NTGRDELR', 'CANRDELR', '15/2/2019', '1/3/2022', 'CESANTE', 1),
(121, 'VELASQUEZ VANEGAS YULETZIS MARIA', 'KIOSCO', 'ASESOR', 'NTGYVELV', 'NTGYVELV', 'NTGYVELV', 'CANYVELV', '17/6/2021', '24/2/2022', 'CESANTE', 1),
(122, 'QUISHPE QUINAUCHO JEFFERSON ALEXANDER', 'KIOSCO', 'ASESOR', 'NTGJQUIQ', 'NTGJQUIQ', 'NTGJQUIQ', 'CANJQUIQ', '5/8/2021', '18/2/2022', 'CESANTE', 1),
(123, 'SARANGO GONZALEZ COSME BRYAN', 'KIOSCO', 'SUPERVISOR', 'NTGCSARO', 'NTGCSARO', 'NTGCSARG', 'CANCSARG', '3/12/2019', '4/2/2022', 'CESANTE', 1),
(124, 'RAMIREZ RAMIREZ MAIKOL ANDRES', 'KIOSCO', 'ANALISTA CALIDAD', 'NTGMRAME', 'NTGMRAME', 'NTGMRAMR', 'CANMRAMR', '13/9/2019', '4/2/2022', 'CESANTE', 1),
(125, 'CAMPOVERDE ORDO?EZ DENNIS XAVIER', 'KIOSCO', 'ASESOR', 'NTGDCAMZ', 'NTGDCAMZ', 'NTGDCAMR', 'CANDCAMO', '30/10/2018', '21/1/2022', 'CESANTE', 1),
(126, 'TIPANTU?A RAMOS CARLOS ALEXANDER', 'KIOSCO', 'ASESOR', 'NTGCTIPR', 'NTGCTIPR', 'NTGCTIPR', 'CANCTIPR', '2/10/2021', '31/1/2022', 'CESANTE', 1),
(127, 'PACHACAMA QUINALUISA DIANA BELEN', 'KIOSCO', 'ASESOR', 'NTGDPACQ', 'NTGDPACQ', 'NTGDPACQ', 'PENDIENTE DE CREACION', '9/10/2021', '31/1/2022', 'CESANTE', 1),
(128, 'VIDAL VERA MERCEDES YARITZA ', 'KIOSCO', 'ASESOR', 'ACCMVIDV', 'ACCMVIDE', 'ACCMVIDV', '', '18-nov-22', '', 'ACTIVO', 3),
(129, 'BERNITA PARRE?O DANIEL EFRAIN ', 'KIOSCO', 'ASESOR', 'ACCDBERN', 'ACCDBERN', 'ACCDBERP', 'ACCDBERP', '26-sep-22', '', 'ACTIVO', 3),
(130, 'MORAN LITARDO ANGELA NINIBETH ', 'KIOSCO', 'CAPACITADORA', 'ACCAMOR2', 'ACCAMOR4', 'ACCAMORL', '', '1-sep-22', '', 'ACTIVO', 3),
(131, 'ROSEL SAYOMI KLINGER LEON', 'KIOSCO', 'ASESOR', 'ACCRKLIL', 'ACCRKLIL', 'ACCRKLIL', 'ACCRKLIL', '9-Aug-22', '', 'ACTIVO', 3),
(132, 'MALDONADO RODRIGUEZ MAYERLY BRIGGITH', 'KIOSCO', 'ASESOR', 'ACCMMALO', 'ACCMMALO', 'ACCMMALO', 'ACCMMALR', '9-Aug-22', '', 'ACTIVO', 3),
(133, 'CAROLINE NICOL MONTA?O PINARGOTE', 'KIOSCO', 'ASESOR', 'ACCCMONP', 'ACCCMONP', 'ACCCMONP', 'ACCMCARN', '7-jul-22', '1/12/2022', 'ACTIVO', 3),
(134, 'BERMEO ILLESCAS RUTH ALEXANDRA', 'KIOSCO', 'ANALISTA DE CALIDAD', 'ACCRBERL', 'ACCRBERL', 'ACCRBERI', 'ACCRBERI', '27-oct-20', '', 'ACTIVO', 3),
(135, 'CONFORME HARO ANDREA STEFANIA', 'KIOSCO', 'BACK OPERACIONES', 'ACCACONH', 'ACCACONH', 'ACCACONH', 'ACCACONH', '4-Dec-20', '28/12/2022', 'ACTIVO', 3),
(136, 'ESTHER CAROLINA MENDOZA SOLORZANO', 'KIOSCO', 'ASESOR', 'ACCEMENS', 'ACCEMENS', 'ACCEMENS', 'ACCEMENO', '4-oct-21', '', 'ACTIVO', 3),
(137, 'FERNANDEZ GALVEZ LADY DALILA', 'KIOSCO', 'ASESOR', 'ACCLFERG', 'ACCLFERG', 'ACCLFERG', 'ACCLFERG', '20-sep-21', '21-nov-22', 'CESANTE', 3),
(138, 'MARIN AUREA INGRID SAELE', 'KIOSCO', 'LIDER', 'ACCIMARA', 'ACCIMARA', 'ACCIMARA', 'ACCIMARA', '27-oct-20', '', 'ACTIVO', 3),
(139, 'PAREDES MINDA MICHELL VANESSA ', 'KIOSCO', 'ASESOR', 'ACCMPARM', 'ACCMPARM', 'ACCMPARM', 'ACCMPARM', '14/2/2022', '', 'ACTIVO', 3),
(140, 'SANCHEZ MARRERO ORLANDO JESUS', 'KIOSCO', 'ASESOR', 'ACCOSANM', 'ACCOSANM', 'ACCOSANM', 'ACCOSANM', '10-mar-22', '', 'ACTIVO', 3),
(141, 'CARRILLO SEQUEA IRVIN SANTIAGO ', 'KIOSCO', 'ASESOR', 'ACCICARS', 'ACCICARS', 'ACCICARS', 'ACCICARS', '10-mar-22', '', 'ACTIVO', 3),
(142, 'ROGELIO WILFRIDO LOPEZ REASCOS', 'KIOSCO', 'ASESOR', 'ACCRLOPR', 'ACCRLOPR', 'ACCRLOPR', 'ACCRLOPR', '28-Apr-22', '', 'ACTIVO', 3),
(143, 'ALCIVAR ZAMBRANO ELIZABETH CECILIA', 'KIOSCO', 'ASESOR', 'ACCEALCZ', 'ACCEALCZ', 'ACCEALCZ', 'ACCEALCZ', '28-Apr-22', '', 'ACTIVO', 3),
(144, 'BAQUERIZO LOPEZ PEDRO PABLO', 'KIOSCO', 'ASESOR', 'ACCPBAQL', 'ACCPBAQ1', 'ACCPBAQL', 'ACCPBAQL', '18-may-22', '1-nov-22', 'CESANTE', 3),
(145, 'JOSELYN TERESA MORALES MENOSCAL ', 'KIOSCO', 'ASESOR', 'ACCJMOR5', 'ACCJMOR5', 'ACCJMOR0', 'ACCJMORM', '2-jun-22', '', 'ACTIVO', 3),
(146, 'AVILES TUMBACO EDUARDO SANTIAGO ', 'KIOSCO', 'ASESOR', 'ACCEAVIU', 'ACCEAVIU', 'ACCEAVIT', 'ACCEAVIT', '8-sep-22', '13-sep-22', 'CESANTE', 3),
(147, 'CUESTA RAMIA KEVIN DANIEL ', 'KIOSCO', 'ASESOR', 'ACCKCUER', 'ACCKCUER', 'ACCKCUER', 'ACCKCUER', '12-nov-20', '16/9/2022', 'CESANTE', 3),
(148, 'NARVAEZ COLOMA DIANA CRISTINA', 'KIOSCO', 'ASESOR', 'ACCDNARC', 'ACCDNARC', 'ACCDNARC', 'ACCDNARC', '14-jul-22', '14-oct-22', 'CESANTE', 3),
(149, 'GUERRA SERRANO LUIS ANGELO ', 'KIOSCO', 'ASESOR', 'ACCLGUES', 'ACCLGUES', 'ACCLGUES', 'ACCLGUES', '15-jul-22', '5-sep-22', 'CESANTE', 3),
(150, 'MENDOZA CEVALLOS EDGARDO', 'KIOSCO', 'CAPACITADOR', 'ACCEMENE', 'ACCEMENE', 'ACCEMENE', 'ACCEMENC', '27-oct-20', '22-jul-22', 'CESANTE', 3),
(151, 'BOHORQUEZ REYES LUIGI EMANUEL ', 'KIOSCO', 'ASESOR', 'ACCLBOHR', 'ACCLBOHR', 'ACCLBOHR', 'ACCLBOHR', '1-mar-22', '5-Aug-22', 'CESANTE', 3),
(152, 'MARISCAL GOYA MICHELLE NATHALIE', 'KIOSCO', 'ASESOR', 'ACCMMARG', 'ACCMMARG', 'ACCMMARG', 'ACCMGOYM', '28-Apr-22', '5-jul-22', 'CESANTE', 3),
(153, 'NATALIE MELISSA SOLIS AGUAS', 'KIOSCO', 'ASESOR', 'ACCNSOLA', 'ACCNSOLA', 'ACCNSOLA', '-', '13-jun-22', '27-jul-22', 'CESANTE', 3),
(154, 'ARELLANO ARAUJO NAOMI GUADALUPE ', 'KIOSCO', 'ASESOR', 'ACCNAREA', 'ACCNAREA', 'ACCNAREA', '-', '13-jun-22', '5-jul-22', 'CESANTE', 3),
(155, 'QUISPHI MONTESDEOCA ALEXANDRA ELIZABETH', 'KIOSCO', 'ASESOR', 'ACCAQUIO', 'ACCAQUIO', 'ACCAQUIM', 'ACCAQUIM', '7-mar-22', '10-jun-22', 'CESANTE', 3),
(156, 'CHAVEZ HERNANDEZ ANDREW STEEVEN', 'KIOSCO', 'ASESOR', 'ACCACHAH', 'ACCACHAH', 'ACCACHAH', 'ACCACHAH', '28-Apr-22', '10-jun-22', 'CESANTE', 3),
(157, 'CYNTHIA MARIUXI MORA MARIN', 'KIOSCO', 'ASESOR', 'ACCCMORR', 'ACCCMORR', 'ACCCMORR', 'ACCCMORA', '28-Apr-22', '10-jun-22', 'CESANTE', 3),
(158, 'MICAELA ALEJANDRA GALECIO RIERA', 'KIOSCO', 'ASESOR', 'ACCMGALI', 'ACCMGALI', 'ACCMGALR', '-', '9-may-22', '2-jun-22', 'CESANTE', 3),
(159, 'KAROL PAMELA CASTRO GUERRA', 'KIOSCO', 'ASESOR', 'ACCKCASG', 'ACCKCASG', 'ACCKCASG', '-', '28-Apr-22', '18/5/2022', 'CESANTE', 3),
(160, 'LINO TOALA LUIS EDUARDO ', 'KIOSCO', 'ASESOR', 'ACCLLINT', 'ACCLLINT', 'ACCLLINT', 'ACCLLINT', '18-oct-21', '9-may-22', 'CESANTE', 3),
(161, 'ASTUDILLO ORIA LUIS ALBERTO ', 'KIOSCO', 'ASESOR', 'ACCLASTO', 'ACCLASTO', 'ACCLASTO', 'ACCLASTO', '10-mar-22', '30-Apr-22', 'CESANTE', 3),
(162, 'PEREZ ANDRADE PAULA SAMANTHA ', 'KIOSCO', 'ASESOR', 'ACCPPERA', 'ACCPPERA', 'ACCPPERA', 'ACCPPERA', '10-mar-22', '28-Apr-22', 'CESANTE', 3),
(163, 'GONZALEZ ASPIAZU DOMENICA JULEISY', 'KIOSCO', 'ASESOR', '-', 'ACCDGONA', 'ACCDGONA', 'ACCDGONA', '6-mar-22', '26-Apr-22', 'CESANTE', 3),
(164, 'RODRIGUEZ QUINDE LEONARDO STALIN', 'KIOSCO', 'ASESOR', '-', 'ACCLRODU', 'ACCLRODQ', 'ACCLRODQ', '6-Apr-22', '28-Apr-22', 'CESANTE', 3),
(165, 'HERRERA BRICE?O EDWARD JOSE ', 'KIOSCO', 'ASESOR', 'ACCEHERB', 'ACCEHERB', 'ACCEHERB', 'ACCEHERB', '10-mar-22', '28-Apr-22', 'CESANTE', 3),
(166, 'RESTREPO AGUDELO SARA ', 'KIOSCO', 'ASESOR', 'ACCSRESA', 'ACCSRESA', 'ACCSRESA', 'ACCSRESA', '10-mar-22', '28-Apr-22', 'CESANTE', 3),
(167, 'CAJAMARCA MANRIQUE MELISSA PAOLA ', 'KIOSCO', 'ASESOR', 'ACCMCAJM', 'ACCMCAJM', 'ACCMCAJM', 'ACCMCAJM', '4-oct-21', '3-may-22', 'CESANTE', 3),
(168, 'MALDONADO RODRIGUEZ MAYERLY BRIGGITH', 'KIOSCO', 'ASESOR', 'ACCMMALO', 'ACCMMALO', 'ACCMMALO', 'ACCMMALR', '17-jun-21', '3-may-22', 'CESANTE', 3),
(169, 'FLORIL SALTOS BRYAN ADRIAN ', 'KIOSCO', 'ASESOR', 'ACCBFLOL', 'ACCBFLOL', 'ACCBFLOS', 'ACCBFLOS', '12-nov-20', '15-jun-21', 'CESANTE', 3),
(170, 'MELENDRES MESTANZA ANA GABRIELA ', 'KIOSCO', 'ASESOR', 'ACCAMELM', 'ACCAMELM', 'ACCAMELM', 'ACCAMELM', '4-Dec-20', '14-jun-21', 'CESANTE', 3),
(171, 'NICOLE ALEZANDRA CARPIO SUAREZ ', 'KIOSCO', 'ASESOR', 'ACCNCARS', 'ACCNCARS', 'ACCNCARS', 'ACCNCARS', '12-nov-20', '23-jun-21', 'CESANTE', 3),
(172, 'BUENA?O MAZZINI KERLY MONCERRATE', 'KIOSCO', 'ASESOR', 'ACCKBUEM', 'ACCKBUEM', 'ACCKBUEM', 'ACCKBUEM', '12-nov-20', '6-Jan-21', 'CESANTE', 3),
(173, 'DOMENICA NICOLLE JERVIS LEON', 'KIOSCO', 'ASESOR', 'ACCDJERL', 'ACCDJERL', 'ACCDJERL', 'ACCDJERL', '26/17/2021', '10-Aug-21', 'CESANTE', 3),
(174, 'CAJAS MARTINEZ EMILY GABRIELA', 'KIOSCO', 'ASESOR', 'ACCECAJCM', 'ACCECAJCM', 'ACCECAJCM', 'ACCECAJCM', '12-nov-20', '12-Dec-21', 'CESANTE', 3),
(175, 'FLORES RAMIREZ ROBERT DANILO ', 'KIOSCO', 'ASESOR', 'ACCRFLOR', 'ACCRFLOR', 'ACCRFLOR', 'ACCRFLOR', '12-nov-20', '10-Jan-21', 'CESANTE', 3),
(176, 'SALVADOR INTRIAGO CRISTHIAN ANDRE', 'KIOSCO', 'ASESOR', 'ACCSSALI', 'ACCSSALI', 'ACCSSALI', 'ACCSSALI', '27-oct-20', '10-Jan-21', 'CESANTE', 3),
(177, 'SANTORO LEON LUIS ENRIQUE', 'KIOSCO', 'ASESOR', 'ACCLSANL', 'ACCLSANL', 'ACCLSANL', 'ACCLSANL', '11-Aug-21', '13/9/2021', 'CESANTE', 3),
(178, 'GALARZA CAMPOS XIOMARA MADELYNE', 'KIOSCO', 'ASESOR', 'ACCXGALC', 'ACCXGALC', 'ACCXGALC', 'ACCXGALC', '11-Aug-21', '21-sep-21', 'CESANTE', 3),
(179, 'PAREDES RODRIGUEZ BRITHANY BELEN', 'KIOSCO', 'ASESOR', 'ACCBPARR', 'ACCBPARR', 'ACCBPARR', 'N/A', '1-oct-21', '6-oct-21', 'CESANTE', 3),
(180, 'BERMEO MARCIAL ANJANNETH ISIS', 'KIOSCO', 'ASESOR', 'ACCABERM', 'ACCABERM', 'N/A', 'N/A', '1-oct-21', '6-oct-21', 'CESANTE', 3),
(181, 'ALVAREZ PINCAY CAMILA PATRICIA', 'KIOSCO', 'ASESOR', 'ACCCALVP', 'ACCCALVP', 'ACCCALVP', 'ACCCALVP', '4-Dec-20', '21-sep-21', 'CESANTE', 3),
(182, 'MENDEZ ALVARADO BYRON EDUARDO', 'KIOSCO', 'ASESOR', 'ACCBMENA', 'ACCBMENA', 'ACCBMENA', 'ACCBMENA', '4-Dec-20', '30-jun-21', 'CESANTE', 3),
(183, 'SORIA NIETO STEVEN MARLON ', 'KIOSCO', 'ASESOR', 'ACCMNIES', 'ACCMNIES', 'ACCMNIES', 'ACCMNIES', '4-nov-21', '31-oct-21', 'CESANTE', 3),
(184, 'PONCE ZHUNE FABIANA LUCIANA', 'KIOSCO', 'ASESOR', 'ACCFPONZ', 'ACCFPONZ', 'ACCFPONZ', 'ACCFPONZ', '1-oct-21', '8-nov-21', 'CESANTE', 3),
(185, 'PAZMI?O ROJAS VALERIA DANIELLA', 'KIOSCO', 'ASESOR', 'ACCVPAZR', 'ACCVPAZR', 'ACCVPAZR', 'ACCVPAZR', '1-oct-21', '8-nov-21', 'CESANTE', 3),
(186, 'CLAUDIA ANDREA SUAREZ CARMONA ', 'KIOSCO', 'ASESOR', 'ACCCSUAC', 'ACCCSUAC', 'ACCCSUAC', 'ACCCSUAC', '4-nov-21', '31-ene-22', 'CESANTE', 3),
(187, 'LIZETH DEL ROCIO VILLALTA LINDAO', 'KIOSCO', 'ASESOR', 'ACCLVILI', 'ACCLVILI', 'ACCLVILL', 'ACCLVILL', '25-oct-21', '1-feb-22', 'CESANTE', 3),
(188, 'MARIA FERNANDA QUIROLA CAMPOVERDE', 'KIOSCO', 'ASESOR', 'ACCMQUIC', 'ACCMQUIC', 'N/A', 'ACCMQUIC', '11-oct-21', '14/2/2022', 'CESANTE', 3),
(189, 'ROSEL SAYOMI KLINGER LEON', 'KIOSCO', 'ASESOR', 'ACCRKLIL', 'ACCRKLIL', 'ACCRKLIL', 'ACCRKLIL', '11-oct-21', '3-feb-22', 'CESANTE', 3),
(190, 'LUZ CARMEN ARROYO CASTRO', 'KIOSCO', 'ASESOR', 'ACCLARRC', 'ACCLARRC', 'ACCLARRC', 'ACCLARRC', '4-oct-21', '3-mar-22', 'CESANTE', 3),
(191, 'PEREZ MURILLO ANGELA DAYANARA', 'KIOSCO', 'ASESOR', 'ACCAPERM', 'ACCAPERM', 'ACCAPERM', 'ACCAPERM', '13/9/2021', '3-mar-22', 'CESANTE', 3),
(192, 'CHUYA YAURI EDWIN ROLANDO ', 'KIOSCO', 'ASESOR', 'ACCECHUA', 'ACCECHUA', 'ACCECHUA', 'ACCECHUA', '10-mar-22', '31/3/2022', 'CESANTE', 3),
(193, 'ARELLANO TORRES BRITNEY GISELLE ', 'KIOSCO', 'ASESOR', 'ACCBARET', 'ACCBARET', 'ACCBARET', 'ACCBARET', '20/9/2021', '31/3/2022', 'CESANTE', 3),
(194, 'MANRIQUE RODRIGUEZ YAIR ', 'KIOSCO', 'ASESOR', 'ACCYMANR', 'ACCYMANR', 'ACCYMANR', 'ACCYMANR', '10-mar-22', '24/3/2022', 'CESANTE', 3),
(195, 'ORTEGA  CAMPUES JESSICA  ARACELY ', 'KIOSCO', 'ASESOR', 'ACCJORTC', 'ACCJORTC', 'ACCJORTC', 'ACCJORTC', '8-mar-21', '6-jun-21', 'CESANTE', 3),
(196, 'RODRIGUEZ  CHIRINOS  LIBARDO  JAVIER ', 'KIOSCO', 'ASESOR', 'ACCLRODC', 'ACCLRODC', 'ACCLRODC', 'ACCLRODC', '10-Apr-21', '13-jul-21', 'CESANTE', 3),
(197, 'MARQUEZ  ACEVEDO  CARLOS  RAFAEL ', 'KIOSCO', 'ASESOR', 'ACCCMARC', 'ACCCMARC', 'ACCCMARC', 'ACCCMARA', '8-mar-21', '2-Aug-21', 'CESANTE', 3),
(198, 'ESCALANTE  PETIT  KATIUSCA  ALEJANDRA  ', 'KIOSCO', 'SUPERVISOR', 'ACCKESCP', 'ACCKESCE', 'ACCKESCP', 'ACCKESCP', '26-oct-20', '3-Aug-21', 'CESANTE', 3),
(199, 'ZERPA  SOLORZANO  JHONATAN  JOSE', 'KIOSCO', 'ASESOR', 'ACCJZERS', 'ACCJZERS', 'ACCJZERS', 'ACCJZERS', '11-Apr-21', '8-sep-21', 'CESANTE', 3),
(200, 'QUISNANCELA  CATOTA  GUISSELA  ESTEFANIA ', 'KIOSCO', 'ASESOR', 'ACCGQUIC', 'ACCGQUIC', 'ACCGQUIC', 'ACCGQUIC', '8-mar-21', '9-sep-21', 'CESANTE', 3),
(201, 'CARRERA CARRION MARCELO MISAEL', 'KIOSCO', 'ASESOR', 'ACCMCARC', 'ACCMCARC', 'ACCMCARC', 'ACCMCARC', '7-Aug-21', '27-sep-21', 'CESANTE', 3),
(202, 'SALAS ANTE EDUARDO DAVID ', 'KIOSCO', 'ASESOR', 'ACCESALA', 'ACCESALA', 'ACCESALT', 'ACCESALA', '8-Aug-21', '28-sep-21', 'CESANTE', 3),
(203, 'ESTEBAN MARCELO PAGUAY', 'KIOSCO', 'ASESOR', 'ACCEPAGP', 'ACCEPAGP', 'ACCEPAGP', 'N/A', '18-oct-21', '22-oct-21', 'CESANTE', 3),
(204, 'ANA TERESA PALACIOS', 'KIOSCO', 'CAPACITACION', 'ACCAPALU', 'ACCAPALU', 'ACCAPALA', 'ACCAPALU', '24-sep-21', '13-Dec-21', 'CESANTE', 3),
(205, 'TAMAY  MADRID JESSICA  VANESSA ', 'KIOSCO', 'ASESOR', 'ACCJTAMM', 'ACCJTAMM', 'ACCJTAMM', 'ACCJTAMM', '8-mar-21', '31-Jan-22', 'CESANTE', 3),
(206, 'CALLE VINUEZA LIZETH ESTEFANIA', 'KIOSCO', 'ASESOR', 'ACCLCALV', 'ACCLCALV', 'ACCLCALV', 'ACCLCALV', '16-nov-21', '2-feb-22', 'CESANTE', 3),
(207, 'CONTRERAS NAVARRETE MAR?A AUGUSTA', 'KIOSCO', 'ASESOR', 'ACCMCONN', 'ACCMCONN', 'ACCMCONN', 'ACCMCONN', '15-nov-21', '10-feb-22', 'CESANTE', 3),
(208, 'CHIRIBOGA  ESCOBAR  INGRID  JOHANNA ', 'KIOSCO', 'BACK OPERACIONES', 'ACCICHIS', 'ACCICHIS', 'ACCICHIS', 'ACCICHIE', '13-nov-13', '16/3/2022', 'CESANTE', 3),
(209, 'GUANOQUIZA  ORTIZ JUAN  CARLOS', 'KIOSCO', 'ANALISTA DE CALIDAD', 'ACCJGUAO', 'ACCJGUAR', 'ACCJGUAO', 'ACCJGUAO', '19-nov-13', '16/3/2022', 'CESANTE', 3),
(210, 'SUQUILLO  ?ACATO  JOSE  LUIS ', 'KIOSCO', 'SUPERVISOR', 'ACCJSUQN', 'ACCJSUQN', 'ACCJSUQN', 'ACCJSUQN', '16-jul-18', '16/3/2022', 'CESANTE', 3),
(211, 'PAVON   MALDONADO  JENNIFER  PAOLA ', 'KIOSCO', 'ASESOR', 'ACCJPAVM', 'ACCJPAVM', 'ACCJPAVM', 'ACCJPAVM', '4-Dec-20', '16/3/2022', 'CESANTE', 3),
(212, 'ALVEAR  ENDARA  ESTEBAN  ANDRES ', 'KIOSCO', 'ASESOR', 'ACCEALVE', 'ACCEALVE', 'ACCEALVE', 'ACCEALVE', '4-Dec-20', '16/3/2022', 'CESANTE', 3),
(213, 'SANCHEZ  YAGUANA  ANDRES  VLADIMIR ', 'KIOSCO', 'ASESOR', 'ACCASANY', 'ACCASANY', 'ACCASANY', 'ACCASANY', '2-jun-21', '16/3/2022', 'CESANTE', 3),
(214, 'DUQUE  TANDAYAMA  KAREN  GABRIELA ', 'KIOSCO', 'ASESOR', 'ACCKDUQT', 'ACCKDUQT', 'ACCKDUQT', 'ACCKDUQT', '2-jun-21', '16/3/2022', 'CESANTE', 3),
(215, 'ASTUDILLO  DIAZ  MARCO  DANIEL ', 'KIOSCO', 'ASESOR', 'ACCMASTD', 'ACCMASTD', 'ACCMASTD', 'ACCMASTD', '2-jun-21', '16/3/2022', 'CESANTE', 3),
(216, 'ENRIQUEZ JARAMILLO WENDY JAZMIN', 'KIOSCO', 'ASESOR', 'ACCWENRJ', 'ACCWENRJ', 'ACCWENRJ', 'ACCWENRJ', '7-Aug-21', '16/3/2022', 'CESANTE', 3),
(217, 'HERRERA MORENO MONICA SALOME', 'KIOSCO', 'ASESOR', 'ACCMHERR', 'ACCMHERR', 'ACCMHERM', 'N/A', '10-Aug-21', '16/3/2022', 'CESANTE', 3),
(218, 'CACERES GUALLPA ERIKA SORAYA', 'KIOSCO', 'ASESOR', 'ACCECACG', 'ACCECACG', 'ACCECACG', 'ACCECACG', '15-nov-21', '16/3/2022', 'CESANTE', 3),
(219, 'GIMENEZ DIAZ DANIEL AUGUSTO', 'KIOSCO', 'ASESOR', 'ACCDGIMD', 'ACCDGIMD', 'ACCDGIMD', 'ACCDGIMD', '15-nov-21', '16/3/2022', 'CESANTE', 3);

-- --------------------------------------------------------

--
-- Estructura de tabla para la tabla `baseplanes`
--

CREATE TABLE `baseplanes` (
  `id` int(11) NOT NULL,
  `fecha` date NOT NULL,
  `asesor_id` int(11) NOT NULL,
  `cruce` float NOT NULL,
  `plan_id` int(11) NOT NULL,
  `fecha_de_actualizacion` date NOT NULL
) ENGINE=InnoDB DEFAULT CHARSET=utf8mb4;

--
-- Volcado de datos para la tabla `baseplanes`
--

INSERT INTO `baseplanes` (`id`, `fecha`, `asesor_id`, `cruce`, `plan_id`, `fecha_de_actualizacion`) VALUES
(1, '2022-11-01', 135, -1.62, 2, '2023-01-13'),
(2, '2022-11-01', 135, -16.96, 2, '2023-01-13'),
(3, '2022-11-01', 129, 11.25, 1, '2023-01-13'),
(4, '2022-11-01', 132, 0.18, 1, '2023-01-13'),
(5, '2022-11-01', 140, -4.29, 2, '2023-01-13'),
(6, '2022-11-01', 135, -3.07, 2, '2023-01-13'),
(7, '2022-11-01', 129, 0.93, 1, '2023-01-13'),
(8, '2022-11-01', 135, -5.52, 2, '2023-01-13'),
(9, '2022-11-01', 135, -7.32, 2, '2023-01-13'),
(10, '2022-11-01', 135, -1.07, 2, '2023-01-13'),
(11, '2022-11-01', 139, 0.18, 1, '2023-01-13'),
(12, '2022-11-01', 140, -1.07, 2, '2023-01-13'),
(13, '2022-11-01', 143, -4.29, 2, '2023-01-13'),
(14, '2022-11-01', 129, -6.07, 2, '2023-01-13'),
(15, '2022-11-01', 133, -6.07, 2, '2023-01-13'),
(16, '2022-11-01', 143, 15.18, 1, '2023-01-13'),
(17, '2022-11-01', 140, 0.18, 1, '2023-01-13'),
(18, '2022-11-01', 135, -1.62, 2, '2023-01-13'),
(19, '2022-11-01', 135, -5, 2, '2023-01-13'),
(20, '2022-11-01', 136, 5.89, 1, '2023-01-13'),
(21, '2022-11-01', 135, 4.29, 1, '2023-01-13'),
(22, '2022-11-01', 141, 0.71, 1, '2023-01-13'),
(23, '2022-11-01', 133, 0.4, 1, '2023-01-13'),
(24, '2022-11-01', 133, 0.4, 1, '2023-01-13'),
(25, '2022-11-01', 133, 0.4, 1, '2023-01-13'),
(26, '2022-11-01', 133, 0.4, 1, '2023-01-13'),
(27, '2022-11-02', 142, 0.16, 1, '2023-01-13'),
(28, '2022-11-02', 141, 0.71, 1, '2023-01-13'),
(29, '2022-11-02', 139, 0.93, 1, '2023-01-13'),
(30, '2022-11-02', 145, 1.39, 1, '2023-01-13'),
(31, '2022-11-02', 145, 2.71, 1, '2023-01-13'),
(32, '2022-11-02', 133, -11.61, 2, '2023-01-13'),
(33, '2022-11-02', 139, 0.93, 1, '2023-01-13'),
(34, '2022-11-02', 132, 0.89, 1, '2023-01-13'),
(35, '2022-11-02', 132, -4.29, 2, '2023-01-13'),
(36, '2022-11-02', 137, -4.29, 2, '2023-01-13'),
(37, '2022-11-02', 140, 0.18, 1, '2023-01-13'),
(38, '2022-11-02', 133, -1.07, 2, '2023-01-13'),
(39, '2022-11-02', 133, 0.73, 1, '2023-01-13'),
(40, '2022-11-02', 137, 1.96, 1, '2023-01-13'),
(41, '2022-11-02', 129, 5.18, 1, '2023-01-13'),
(42, '2022-11-02', 145, 0.18, 1, '2023-01-13'),
(43, '2022-11-02', 142, 0.71, 1, '2023-01-13'),
(44, '2022-11-02', 140, -14.29, 2, '2023-01-13'),
(45, '2022-11-02', 135, -6.61, 2, '2023-01-13'),
(46, '2022-11-06', 128, 1.39, 1, '2023-01-13'),
(47, '2022-11-07', 135, 4.29, 1, '2023-01-13'),
(48, '2022-11-07', 129, 0.18, 1, '2023-01-13'),
(49, '2022-11-07', 136, 2.68, 1, '2023-01-13'),
(50, '2022-11-07', 135, -14.29, 2, '2023-01-13'),
(51, '2022-11-07', 139, 2.93, 1, '2023-01-13'),
(52, '2022-11-07', 137, 0.71, 1, '2023-01-13'),
(53, '2022-11-07', 136, 0.89, 1, '2023-01-13'),
(54, '2022-11-07', 137, 0.71, 1, '2023-01-13'),
(55, '2022-11-07', 135, -10.72, 2, '2023-01-13'),
(56, '2022-11-07', 135, -10, 2, '2023-01-13'),
(57, '2022-11-07', 136, 2.71, 1, '2023-01-13'),
(58, '2022-11-07', 135, -1.07, 2, '2023-01-13'),
(59, '2022-11-07', 133, 0.71, 1, '2023-01-13'),
(60, '2022-11-07', 135, -4.47, 2, '2023-01-13'),
(61, '2022-11-07', 141, -4.29, 2, '2023-01-13'),
(62, '2022-11-07', 135, -4.29, 2, '2023-01-13'),
(63, '2022-11-07', 135, -2.28, 2, '2023-01-13'),
(64, '2022-11-07', 135, -6.07, 2, '2023-01-13'),
(65, '2022-11-07', 136, -4.82, 2, '2023-01-13'),
(66, '2022-11-07', 135, -6.07, 2, '2023-01-13'),
(67, '2022-11-07', 136, -4.82, 2, '2023-01-13'),
(68, '2022-11-07', 135, -14.45, 2, '2023-01-13'),
(69, '2022-11-07', 135, -5, 2, '2023-01-13'),
(70, '2022-11-07', 135, -5.29, 2, '2023-01-13'),
(71, '2022-11-07', 135, -4.29, 2, '2023-01-13'),
(72, '2022-11-07', 136, -1.29, 2, '2023-01-13'),
(73, '2022-11-07', 129, 0.71, 1, '2023-01-13'),
(74, '2022-11-07', 142, 0.54, 1, '2023-01-13'),
(75, '2022-11-07', 136, -9.29, 2, '2023-01-13'),
(76, '2022-11-07', 135, -5.52, 2, '2023-01-13'),
(77, '2022-11-07', 140, 0.71, 1, '2023-01-13'),
(78, '2022-11-07', 135, -9.29, 2, '2023-01-13'),
(79, '2022-11-07', 135, -0.18, 2, '2023-01-13'),
(80, '2022-11-07', 135, -6.25, 2, '2023-01-13'),
(81, '2022-11-07', 140, 0.89, 1, '2023-01-13'),
(82, '2022-11-07', 137, 0.71, 1, '2023-01-13'),
(83, '2022-11-07', 139, 0.93, 1, '2023-01-13'),
(84, '2022-11-07', 135, -6.07, 2, '2023-01-13'),
(85, '2022-11-07', 135, -14.29, 2, '2023-01-13'),
(86, '2022-11-07', 131, -4.29, 2, '2023-01-13'),
(87, '2022-11-07', 129, 0.71, 1, '2023-01-13'),
(88, '2022-11-07', 139, -6.07, 2, '2023-01-13'),
(89, '2022-11-07', 133, 1.79, 1, '2023-01-13'),
(90, '2022-11-07', 132, -4.29, 2, '2023-01-13'),
(91, '2022-11-07', 136, 1.96, 1, '2023-01-13'),
(92, '2022-11-07', 140, -3.75, 2, '2023-01-13'),
(93, '2022-11-07', 145, 2.71, 1, '2023-01-13'),
(94, '2022-11-07', 132, -4.29, 2, '2023-01-13'),
(95, '2022-11-07', 128, 2.68, 1, '2023-01-13'),
(96, '2022-11-07', 135, 0.89, 1, '2023-01-13'),
(97, '2022-11-07', 137, 1.39, 1, '2023-01-13'),
(98, '2022-11-07', 137, 0.71, 1, '2023-01-13'),
(99, '2022-11-07', 135, -4.06, 2, '2023-01-13'),
(100, '2022-11-07', 135, -9.58, 2, '2023-01-13'),
(101, '2022-11-07', 135, -1.07, 2, '2023-01-13'),
(102, '2022-11-07', 135, -4.46, 2, '2023-01-13'),
(103, '2022-11-07', 135, -9.58, 2, '2023-01-13'),
(104, '2022-11-07', 135, -9.29, 2, '2023-01-13'),
(105, '2022-11-07', 135, -2.28, 2, '2023-01-13'),
(106, '2022-11-08', 137, 1.39, 1, '2023-01-13'),
(107, '2022-11-08', 137, 1.39, 1, '2023-01-13'),
(108, '2022-11-08', 141, -9.29, 2, '2023-01-13'),
(109, '2022-11-08', 133, 0.18, 1, '2023-01-13'),
(110, '2022-11-08', 129, 0.89, 1, '2023-01-13'),
(111, '2022-11-08', 142, 2.71, 1, '2023-01-13'),
(112, '2022-11-08', 132, 0.71, 1, '2023-01-13'),
(113, '2022-11-08', 139, 0.18, 1, '2023-01-13'),
(114, '2022-11-08', 135, -1.29, 2, '2023-01-13'),
(115, '2022-11-08', 135, -5.52, 2, '2023-01-13'),
(116, '2022-11-08', 137, 5.18, 1, '2023-01-13'),
(117, '2022-11-08', 135, -1.78, 2, '2023-01-13'),
(118, '2022-11-08', 135, -1.62, 2, '2023-01-13'),
(119, '2022-11-08', 135, -4.29, 2, '2023-01-13'),
(120, '2022-11-08', 143, 0.18, 1, '2023-01-13'),
(121, '2022-11-08', 129, 0.71, 1, '2023-01-13'),
(122, '2022-11-08', 142, 0.18, 1, '2023-01-13'),
(123, '2022-11-08', 143, 0.71, 1, '2023-01-13'),
(124, '2022-11-08', 139, 2.19, 1, '2023-01-13'),
(125, '2022-11-08', 131, -4.29, 2, '2023-01-13'),
(126, '2022-11-08', 145, 0.18, 1, '2023-01-13'),
(127, '2022-11-08', 142, -4.46, 2, '2023-01-13'),
(128, '2022-11-08', 133, -5.52, 2, '2023-01-13'),
(129, '2022-11-08', 169, 3.39, 1, '2023-01-13'),
(130, '2022-11-08', 135, -4.29, 2, '2023-01-13'),
(131, '2022-11-08', 137, 0.89, 1, '2023-01-13'),
(132, '2022-11-08', 133, 0.18, 1, '2023-01-13'),
(133, '2022-11-08', 132, 0.71, 1, '2023-01-13'),
(134, '2022-11-08', 142, 2.71, 1, '2023-01-13'),
(135, '2022-11-08', 133, 2.71, 1, '2023-01-13'),
(136, '2022-11-08', 133, 0.71, 1, '2023-01-13'),
(137, '2022-11-09', 129, -1.07, 2, '2023-01-13'),
(138, '2022-11-09', 129, -1.07, 2, '2023-01-13'),
(139, '2022-11-09', 142, 2.71, 1, '2023-01-13'),
(140, '2022-11-09', 129, 0.18, 1, '2023-01-13'),
(141, '2022-11-09', 140, -4.29, 2, '2023-01-13'),
(142, '2022-11-09', 132, 2.71, 1, '2023-01-13'),
(143, '2022-11-09', 133, 10.71, 1, '2023-01-13'),
(144, '2022-11-09', 129, -3.07, 2, '2023-01-13'),
(145, '2022-11-09', 143, 0.54, 1, '2023-01-13'),
(146, '2022-11-09', 136, 1.96, 1, '2023-01-13'),
(147, '2022-11-09', 136, 3.75, 1, '2023-01-13'),
(148, '2022-11-09', 141, -9, 2, '2023-01-13'),
(149, '2022-11-09', 142, 2.71, 1, '2023-01-13'),
(150, '2022-11-09', 135, -8.04, 2, '2023-01-13'),
(151, '2022-11-09', 135, -6.07, 2, '2023-01-13'),
(152, '2022-11-09', 135, -9.29, 2, '2023-01-13'),
(153, '2022-11-09', 135, -4.29, 2, '2023-01-13'),
(154, '2022-11-09', 135, -1.07, 2, '2023-01-13'),
(155, '2022-11-09', 135, -2.68, 2, '2023-01-13'),
(156, '2022-11-09', 135, -4.29, 2, '2023-01-13'),
(157, '2022-11-09', 133, 0.18, 1, '2023-01-13'),
(158, '2022-11-09', 135, -5.52, 2, '2023-01-13'),
(159, '2022-11-09', 135, -9.29, 2, '2023-01-13'),
(160, '2022-11-09', 132, 0.89, 1, '2023-01-13'),
(161, '2022-11-09', 129, 0.4, 1, '2023-01-13'),
(162, '2022-11-09', 145, 0.18, 1, '2023-01-13'),
(163, '2022-11-09', 129, -8.99, 2, '2023-01-13'),
(164, '2022-11-09', 142, -6.07, 2, '2023-01-13'),
(165, '2022-11-09', 133, 1.79, 1, '2023-01-13'),
(166, '2022-11-10', 133, -9, 2, '2023-01-13'),
(167, '2022-11-10', 135, -6.25, 2, '2023-01-13'),
(168, '2022-11-10', 135, -4.29, 2, '2023-01-13'),
(169, '2022-11-10', 135, -6.25, 2, '2023-01-13'),
(170, '2022-11-10', 135, -11.61, 2, '2023-01-13'),
(171, '2022-11-10', 137, 1.39, 1, '2023-01-13'),
(172, '2022-11-10', 135, -4.29, 2, '2023-01-13'),
(173, '2022-11-10', 143, 0.71, 1, '2023-01-13'),
(174, '2022-11-10', 131, -1.07, 2, '2023-01-13'),
(175, '2022-11-10', 137, 1.25, 1, '2023-01-13'),
(176, '2022-11-10', 136, 0.16, 1, '2023-01-13'),
(177, '2022-11-10', 145, 0.71, 1, '2023-01-13'),
(178, '2022-11-10', 133, 0.16, 1, '2023-01-13'),
(179, '2022-11-10', 135, -3.07, 2, '2023-01-13'),
(180, '2022-11-10', 133, 2.71, 1, '2023-01-13'),
(181, '2022-11-10', 135, -1.62, 2, '2023-01-13'),
(182, '2022-11-10', 135, -4.29, 2, '2023-01-13'),
(183, '2022-11-10', 136, 2.84, 1, '2023-01-13'),
(184, '2022-11-10', 143, -11.61, 2, '2023-01-13'),
(185, '2022-11-10', 142, 0.71, 1, '2023-01-13'),
(186, '2022-11-10', 131, -4.29, 2, '2023-01-13'),
(187, '2022-11-10', 142, 0.16, 1, '2023-01-13'),
(188, '2022-11-10', 143, 0.4, 1, '2023-01-13'),
(189, '2022-11-10', 143, 0.4, 1, '2023-01-13'),
(190, '2022-11-11', 133, 0.18, 1, '2023-01-13'),
(191, '2022-11-11', 133, -4.29, 2, '2023-01-13'),
(192, '2022-11-11', 139, 0.18, 1, '2023-01-13'),
(193, '2022-11-11', 142, 0.89, 1, '2023-01-13'),
(194, '2022-11-11', 135, -1.23, 2, '2023-01-13'),
(195, '2022-11-11', 135, 4.29, 1, '2023-01-13'),
(196, '2022-11-11', 135, -1.07, 2, '2023-01-13'),
(197, '2022-11-11', 135, -4.11, 2, '2023-01-13'),
(198, '2022-11-11', 135, -10, 2, '2023-01-13'),
(199, '2022-11-11', 135, -4.46, 2, '2023-01-13'),
(200, '2022-11-11', 135, -4.29, 2, '2023-01-13'),
(201, '2022-11-11', 135, -9.29, 2, '2023-01-13'),
(202, '2022-11-11', 135, -8.04, 2, '2023-01-13'),
(203, '2022-11-11', 139, 0.71, 1, '2023-01-13'),
(204, '2022-11-11', 142, 0.16, 1, '2023-01-13'),
(205, '2022-11-11', 136, 2.84, 1, '2023-01-13'),
(206, '2022-11-11', 136, 0.18, 1, '2023-01-13'),
(207, '2022-11-11', 133, 2.68, 1, '2023-01-13'),
(208, '2022-11-11', 129, 0.54, 1, '2023-01-13'),
(209, '2022-11-11', 139, 2.71, 1, '2023-01-13'),
(210, '2022-11-11', 135, -6.07, 2, '2023-01-13'),
(211, '2022-11-11', 143, 0.18, 1, '2023-01-13'),
(212, '2022-11-11', 143, 0.54, 1, '2023-01-13'),
(213, '2022-11-11', 142, 0.73, 1, '2023-01-13'),
(214, '2022-11-11', 140, 0.18, 1, '2023-01-13'),
(215, '2022-11-11', 141, 0.71, 1, '2023-01-13'),
(216, '2022-11-11', 145, 1.25, 1, '2023-01-13'),
(217, '2022-11-12', 143, 1.39, 1, '2023-01-13'),
(218, '2022-11-12', 136, 2.71, 1, '2023-01-13'),
(219, '2022-11-12', 142, 1.78, 1, '2023-01-13'),
(220, '2022-11-12', 140, 0.89, 1, '2023-01-13'),
(221, '2022-11-12', 135, -1.07, 2, '2023-01-13'),
(222, '2022-11-12', 135, -2.28, 2, '2023-01-13'),
(223, '2022-11-12', 135, -1.29, 2, '2023-01-13'),
(224, '2022-11-12', 135, -4.06, 2, '2023-01-13'),
(225, '2022-11-12', 142, 0.89, 1, '2023-01-13'),
(226, '2022-11-12', 135, -11.61, 2, '2023-01-13'),
(227, '2022-11-12', 135, -4.29, 2, '2023-01-13'),
(228, '2022-11-12', 135, -6.41, 2, '2023-01-13'),
(229, '2022-11-12', 135, -2.68, 2, '2023-01-13'),
(230, '2022-11-12', 135, -0.18, 2, '2023-01-13'),
(231, '2022-11-12', 135, -11.77, 2, '2023-01-13'),
(232, '2022-11-12', 135, 4.29, 1, '2023-01-13'),
(233, '2022-11-12', 129, 0.89, 1, '2023-01-13'),
(234, '2022-11-12', 140, 0.71, 1, '2023-01-13'),
(235, '2022-11-12', 129, 0.93, 1, '2023-01-13'),
(236, '2022-11-12', 141, 0.71, 1, '2023-01-13'),
(237, '2022-11-12', 140, 0.71, 1, '2023-01-13'),
(238, '2022-11-12', 142, 1.25, 1, '2023-01-13'),
(239, '2022-11-12', 137, 0.18, 1, '2023-01-13'),
(240, '2022-11-12', 129, -6.07, 2, '2023-01-13'),
(241, '2022-11-12', 137, 0.89, 1, '2023-01-13'),
(242, '2022-11-12', 137, 0.89, 1, '2023-01-13'),
(243, '2022-11-12', 143, 7.14, 1, '2023-01-13'),
(244, '2022-11-12', 136, 0.71, 1, '2023-01-13'),
(245, '2022-11-12', 137, 0.18, 1, '2023-01-13'),
(246, '2022-11-12', 136, 0.71, 1, '2023-01-13'),
(247, '2022-11-14', 138, -2.68, 2, '2023-01-13'),
(248, '2022-11-14', 138, -9.29, 2, '2023-01-13'),
(249, '2022-11-14', 138, -7.14, 2, '2023-01-13'),
(250, '2022-11-14', 138, -4.29, 2, '2023-01-13'),
(251, '2022-11-14', 134, -6.07, 2, '2023-01-13'),
(252, '2022-11-14', 133, 0.18, 1, '2023-01-13'),
(253, '2022-11-14', 133, -3.07, 2, '2023-01-13'),
(254, '2022-11-14', 135, -1.62, 2, '2023-01-13'),
(255, '2022-11-14', 138, -1.78, 2, '2023-01-13'),
(256, '2022-11-14', 138, -4.29, 2, '2023-01-13'),
(257, '2022-11-14', 145, 5.36, 1, '2023-01-13'),
(258, '2022-11-14', 137, 0.18, 1, '2023-01-13'),
(259, '2022-11-14', 132, 2.93, 1, '2023-01-13'),
(260, '2022-11-14', 135, -5.52, 2, '2023-01-13'),
(261, '2022-11-14', 138, -6.25, 2, '2023-01-13'),
(262, '2022-11-14', 138, -4.29, 2, '2023-01-13'),
(263, '2022-11-14', 143, 0.54, 1, '2023-01-13'),
(264, '2022-11-14', 141, 0.18, 1, '2023-01-13'),
(265, '2022-11-14', 143, 0.89, 1, '2023-01-13'),
(266, '2022-11-14', 143, 1.25, 1, '2023-01-13'),
(267, '2022-11-14', 137, 0.18, 1, '2023-01-13'),
(268, '2022-11-14', 133, 0.89, 1, '2023-01-13'),
(269, '2022-11-14', 145, 0.18, 1, '2023-01-13'),
(270, '2022-11-14', 135, -4.29, 2, '2023-01-13'),
(271, '2022-11-14', 135, -1.78, 2, '2023-01-13'),
(272, '2022-11-14', 133, 1.39, 1, '2023-01-13'),
(273, '2022-11-14', 169, 0.89, 1, '2023-01-13'),
(274, '2022-11-14', 135, -4.46, 2, '2023-01-13'),
(275, '2022-11-14', 135, -5.52, 2, '2023-01-13'),
(276, '2022-11-14', 141, 2.71, 1, '2023-01-13'),
(277, '2022-11-14', 132, -6.07, 2, '2023-01-13'),
(278, '2022-11-14', 141, 12.5, 1, '2023-01-13'),
(279, '2022-11-14', 133, 0.89, 1, '2023-01-13'),
(280, '2022-11-14', 143, 0.73, 1, '2023-01-13'),
(281, '2022-11-14', 143, 1.78, 1, '2023-01-13'),
(282, '2022-11-15', 141, 0.71, 1, '2023-01-13'),
(283, '2022-11-15', 139, -4.29, 2, '2023-01-13'),
(284, '2022-11-15', 137, 0.18, 1, '2023-01-13'),
(285, '2022-11-15', 136, 0.18, 1, '2023-01-13'),
(286, '2022-11-15', 130, -7.14, 2, '2023-01-13'),
(287, '2022-11-15', 136, 5.18, 1, '2023-01-13'),
(288, '2022-11-15', 139, 0.18, 1, '2023-01-13'),
(289, '2022-11-15', 131, 0.18, 1, '2023-01-13'),
(290, '2022-11-15', 139, 1.25, 1, '2023-01-13'),
(291, '2022-11-15', 136, 0.71, 1, '2023-01-13'),
(292, '2022-11-15', 139, 5.35, 1, '2023-01-13'),
(293, '2022-11-15', 135, -10.89, 2, '2023-01-13'),
(294, '2022-11-15', 143, 0.89, 1, '2023-01-13'),
(295, '2022-11-15', 129, 0.73, 1, '2023-01-13'),
(296, '2022-11-15', 143, 0.71, 1, '2023-01-13'),
(297, '2022-11-15', 132, 5.36, 1, '2023-01-13'),
(298, '2022-11-15', 140, 1.39, 1, '2023-01-13'),
(299, '2022-11-15', 139, 0.18, 1, '2023-01-13'),
(300, '2022-11-15', 131, -1.07, 2, '2023-01-13'),
(301, '2022-11-15', 139, 0.18, 1, '2023-01-13'),
(302, '2022-11-15', 139, 0.18, 1, '2023-01-13'),
(303, '2022-11-15', 136, -3.07, 2, '2023-01-13'),
(304, '2022-11-15', 140, 0.71, 1, '2023-01-13'),
(305, '2022-11-15', 140, 0.71, 1, '2023-01-13'),
(306, '2022-11-01', 24, -4.29, 2, '2023-01-13'),
(307, '2022-11-01', 24, -6.07, 2, '2023-01-13'),
(308, '2022-11-01', 24, -2.68, 2, '2023-01-13'),
(309, '2022-11-01', 24, -21.76, 2, '2023-01-13'),
(310, '2022-11-01', 24, -9.29, 2, '2023-01-13'),
(311, '2022-11-01', 24, -11.61, 2, '2023-01-13'),
(312, '2022-11-01', 52, -14.82, 2, '2023-01-13'),
(313, '2022-11-01', 52, -1.61, 2, '2023-01-13'),
(314, '2022-11-01', 90, 0.89, 1, '2023-01-13'),
(315, '2022-11-01', 15, -5.52, 2, '2023-01-13'),
(316, '2022-11-01', 42, 0.71, 1, '2023-01-13'),
(317, '2022-11-01', 18, 0.89, 1, '2023-01-13'),
(318, '2022-11-01', 24, -14.45, 2, '2023-01-13'),
(319, '2022-11-01', 42, 2.52, 1, '2023-01-13'),
(320, '2022-11-01', 38, 2.71, 1, '2023-01-13'),
(321, '2022-11-01', 36, 0.71, 1, '2023-01-13'),
(322, '2022-11-01', 14, 0.71, 1, '2023-01-13'),
(323, '2022-11-01', 102, 2.32, 1, '2023-01-13'),
(324, '2022-11-01', 36, 3.58, 1, '2023-01-13'),
(325, '2022-11-01', 102, 7.68, 1, '2023-01-13'),
(326, '2022-11-01', 24, -14.45, 2, '2023-01-13'),
(327, '2022-11-01', 110, 0.18, 1, '2023-01-13'),
(328, '2022-11-01', 29, 2.32, 1, '2023-01-13'),
(329, '2022-11-01', 29, 0.71, 1, '2023-01-13'),
(330, '2022-11-01', 12, -9.29, 2, '2023-01-13'),
(331, '2022-11-01', 15, 1.96, 1, '2023-01-13'),
(332, '2022-11-01', 110, 2.93, 1, '2023-01-13'),
(333, '2022-11-01', 14, 0.18, 1, '2023-01-13'),
(334, '2022-11-01', 24, -24.11, 2, '2023-01-13'),
(335, '2022-11-01', 12, -1.07, 2, '2023-01-13'),
(336, '2022-11-01', 31, 0.71, 1, '2023-01-13'),
(337, '2022-11-01', 24, -15.18, 2, '2023-01-13'),
(338, '2022-11-01', 24, -9.83, 2, '2023-01-13'),
(339, '2022-11-01', 68, 0.18, 1, '2023-01-13'),
(340, '2022-11-01', 24, -4.29, 2, '2023-01-13'),
(341, '2022-11-01', 110, 2.93, 1, '2023-01-13'),
(342, '2022-11-01', 39, 1.25, 1, '2023-01-13'),
(343, '2022-11-01', 3, 9.66, 1, '2023-01-13'),
(344, '2022-11-01', 15, 1.39, 1, '2023-01-13'),
(345, '2022-11-01', 15, -16.61, 2, '2023-01-13'),
(346, '2022-11-01', 15, -16.61, 2, '2023-01-13'),
(347, '2022-11-01', 38, 0.71, 1, '2023-01-13'),
(348, '2022-11-01', 18, -5.52, 2, '2023-01-13'),
(349, '2022-11-01', 24, -4.29, 2, '2023-01-13'),
(350, '2022-11-01', 24, -14.29, 2, '2023-01-13'),
(351, '2022-11-01', 24, -11.61, 2, '2023-01-13'),
(352, '2022-11-01', 39, 0.71, 1, '2023-01-13'),
(353, '2022-11-01', 24, -14.45, 2, '2023-01-13'),
(354, '2022-11-01', 39, 0.71, 1, '2023-01-13'),
(355, '2022-11-01', 24, -14.45, 2, '2023-01-13'),
(356, '2022-11-01', 31, 0.73, 1, '2023-01-13'),
(357, '2022-11-01', 29, 2.71, 1, '2023-01-13'),
(358, '2022-11-01', 37, 0.89, 1, '2023-01-13'),
(359, '2022-11-01', 24, -12.5, 2, '2023-01-13'),
(360, '2022-11-01', 24, -6.25, 2, '2023-01-13'),
(361, '2022-11-01', 24, -4.47, 2, '2023-01-13'),
(362, '2022-11-01', 24, -1.62, 2, '2023-01-13'),
(363, '2022-11-01', 24, -1.07, 2, '2023-01-13'),
(364, '2022-11-01', 36, 0.71, 1, '2023-01-13'),
(365, '2022-11-01', 24, -5.52, 2, '2023-01-13'),
(366, '2022-11-01', 24, -10, 2, '2023-01-13'),
(367, '2022-11-01', 25, 0.89, 1, '2023-01-13'),
(368, '2022-11-01', 3, 7.14, 1, '2023-01-13'),
(369, '2022-11-01', 24, -9.29, 2, '2023-01-13'),
(370, '2022-11-01', 24, -5.52, 2, '2023-01-13'),
(371, '2022-11-01', 24, -4.46, 2, '2023-01-13'),
(372, '2022-11-01', 24, -14.29, 2, '2023-01-13'),
(373, '2022-11-01', 24, -4.29, 2, '2023-01-13'),
(374, '2022-11-01', 24, -3.07, 2, '2023-01-13'),
(375, '2022-11-01', 24, -10, 2, '2023-01-13'),
(376, '2022-11-01', 24, -8.2, 2, '2023-01-13'),
(377, '2022-11-01', 24, -5.52, 2, '2023-01-13'),
(378, '2022-11-01', 42, 0.71, 1, '2023-01-13'),
(379, '2022-11-01', 15, 15.18, 1, '2023-01-13'),
(380, '2022-11-01', 14, 8.93, 1, '2023-01-13'),
(381, '2022-11-01', 19, 4.71, 1, '2023-01-13'),
(382, '2022-11-01', 24, -16.23, 2, '2023-01-13'),
(383, '2022-11-01', 109, 0.89, 1, '2023-01-13'),
(384, '2022-11-01', 24, -16.23, 2, '2023-01-13'),
(385, '2022-11-01', 24, -9.58, 2, '2023-01-13'),
(386, '2022-11-01', 24, -4.47, 2, '2023-01-13'),
(387, '2022-11-01', 109, 0.18, 1, '2023-01-13'),
(388, '2022-11-01', 24, -6.07, 2, '2023-01-13'),
(389, '2022-11-01', 15, -12.68, 2, '2023-01-13'),
(390, '2022-11-01', 109, -9.82, 2, '2023-01-13'),
(391, '2022-11-01', 43, 0.18, 1, '2023-01-13'),
(392, '2022-11-01', 9, 0.93, 1, '2023-01-13'),
(393, '2022-11-01', 35, 0.71, 1, '2023-01-13'),
(394, '2022-11-01', 27, -17.99, 2, '2023-01-13'),
(395, '2022-11-01', 28, 0.71, 1, '2023-01-13'),
(396, '2022-11-01', 38, 0.71, 1, '2023-01-13'),
(397, '2022-11-01', 109, -14.29, 2, '2023-01-13'),
(398, '2022-11-01', 15, -4.47, 2, '2023-01-13'),
(399, '2022-11-01', 15, -4.46, 2, '2023-01-13'),
(400, '2022-11-01', 24, -9.58, 2, '2023-01-13'),
(401, '2022-11-01', 24, -1.78, 2, '2023-01-13'),
(402, '2022-11-01', 15, 0.18, 1, '2023-01-13'),
(403, '2022-11-01', 24, -2.68, 2, '2023-01-13'),
(404, '2022-11-01', 24, -8.04, 2, '2023-01-13'),
(405, '2022-11-01', 24, -19.29, 2, '2023-01-13'),
(406, '2022-11-01', 24, -4.47, 2, '2023-01-13'),
(407, '2022-11-01', 24, -2.28, 2, '2023-01-13'),
(408, '2022-11-01', 24, -8.04, 2, '2023-01-13'),
(409, '2022-11-01', 24, -9.58, 2, '2023-01-13'),
(410, '2022-11-02', 16, 0.18, 1, '2023-01-13'),
(411, '2022-11-02', 38, 0.89, 1, '2023-01-13'),
(412, '2022-11-02', 24, -11.07, 2, '2023-01-13'),
(413, '2022-11-02', 102, 0.89, 1, '2023-01-13'),
(414, '2022-11-02', 24, -6.61, 2, '2023-01-13'),
(415, '2022-11-02', 36, -17.99, 2, '2023-01-13'),
(416, '2022-11-02', 24, -10, 2, '2023-01-13'),
(417, '2022-11-02', 102, 0.89, 1, '2023-01-13'),
(418, '2022-11-02', 26, -4.29, 2, '2023-01-13'),
(419, '2022-11-02', 102, 1.25, 1, '2023-01-13'),
(420, '2022-11-02', 24, -5.52, 2, '2023-01-13'),
(421, '2022-11-02', 38, 0.71, 1, '2023-01-13'),
(422, '2022-11-02', 15, 0.16, 1, '2023-01-13'),
(423, '2022-11-02', 24, -3.07, 2, '2023-01-13'),
(424, '2022-11-02', 68, 0.71, 1, '2023-01-13'),
(425, '2022-11-02', 25, -9, 2, '2023-01-13'),
(426, '2022-11-02', 13, 1.39, 1, '2023-01-13'),
(427, '2022-11-02', 12, -11.61, 2, '2023-01-13'),
(428, '2022-11-02', 12, -11.61, 2, '2023-01-13'),
(429, '2022-11-02', 20, 0.71, 1, '2023-01-13'),
(430, '2022-11-02', 26, -6.07, 2, '2023-01-13'),
(431, '2022-11-02', 25, 0.71, 1, '2023-01-13'),
(432, '2022-11-02', 38, 0.71, 1, '2023-01-13'),
(433, '2022-11-02', 31, 1.96, 1, '2023-01-13'),
(434, '2022-11-02', 37, 1.39, 1, '2023-01-13'),
(435, '2022-11-02', 110, 0.93, 1, '2023-01-13'),
(436, '2022-11-02', 14, -8.04, 2, '2023-01-13'),
(437, '2022-11-02', 110, -14.45, 2, '2023-01-13'),
(438, '2022-11-02', 42, 0.71, 1, '2023-01-13'),
(439, '2022-11-02', 26, 0.71, 1, '2023-01-13'),
(440, '2022-11-02', 38, 0.71, 1, '2023-01-13'),
(441, '2022-11-02', 20, -11.61, 2, '2023-01-13'),
(442, '2022-11-02', 13, 0.4, 1, '2023-01-13'),
(443, '2022-11-02', 90, 0.71, 1, '2023-01-13'),
(444, '2022-11-02', 12, 1.39, 1, '2023-01-13'),
(445, '2022-11-02', 14, 1.96, 1, '2023-01-13'),
(446, '2022-11-02', 110, 0.71, 1, '2023-01-13'),
(447, '2022-11-02', 109, 0.93, 1, '2023-01-13'),
(448, '2022-11-02', 26, 2.71, 1, '2023-01-13'),
(449, '2022-11-02', 13, 9, 1, '2023-01-13'),
(450, '2022-11-02', 24, -6.07, 2, '2023-01-13'),
(451, '2022-11-02', 24, -4.29, 2, '2023-01-13'),
(452, '2022-11-02', 12, -11.61, 2, '2023-01-13'),
(453, '2022-11-02', 24, -6.07, 2, '2023-01-13'),
(454, '2022-11-02', 24, -14.29, 2, '2023-01-13'),
(455, '2022-11-02', 42, -4.29, 2, '2023-01-13'),
(456, '2022-11-02', 24, -11.61, 2, '2023-01-13'),
(457, '2022-11-02', 24, -4.47, 2, '2023-01-13'),
(458, '2022-11-02', 24, -3.07, 2, '2023-01-13'),
(459, '2022-11-02', 24, -6.07, 2, '2023-01-13'),
(460, '2022-11-02', 16, 0.18, 1, '2023-01-13'),
(461, '2022-11-02', 24, -8.04, 2, '2023-01-13'),
(462, '2022-11-02', 24, -6.25, 2, '2023-01-13'),
(463, '2022-11-02', 24, -16.97, 2, '2023-01-13'),
(464, '2022-11-02', 18, -6.25, 2, '2023-01-13'),
(465, '2022-11-02', 37, -9.58, 2, '2023-01-13'),
(466, '2022-11-02', 37, -4.29, 2, '2023-01-13'),
(467, '2022-11-02', 24, -6.07, 2, '2023-01-13'),
(468, '2022-11-02', 18, 0.89, 1, '2023-01-13'),
(469, '2022-11-02', 24, -5, 2, '2023-01-13'),
(470, '2022-11-02', 20, 0.71, 1, '2023-01-13'),
(471, '2022-11-02', 68, 0.89, 1, '2023-01-13'),
(472, '2022-11-02', 110, 1.39, 1, '2023-01-13'),
(473, '2022-11-02', 24, 5, 1, '2023-01-13'),
(474, '2022-11-02', 3, 1.96, 1, '2023-01-13'),
(475, '2022-11-02', 27, 0.16, 1, '2023-01-13'),
(476, '2022-11-02', 24, -14.29, 2, '2023-01-13'),
(477, '2022-11-02', 19, -6.07, 2, '2023-01-13'),
(478, '2022-11-02', 24, -1.07, 2, '2023-01-13'),
(479, '2022-11-02', 36, 0.18, 1, '2023-01-13'),
(480, '2022-11-02', 18, 0.89, 1, '2023-01-13'),
(481, '2022-11-02', 110, 0.18, 1, '2023-01-13'),
(482, '2022-11-02', 36, 0.18, 1, '2023-01-13'),
(483, '2022-11-02', 37, 0.18, 1, '2023-01-13'),
(484, '2022-11-02', 109, -6.07, 2, '2023-01-13'),
(485, '2022-11-02', 18, -9, 2, '2023-01-13'),
(486, '2022-11-02', 42, 0.89, 1, '2023-01-13'),
(487, '2022-11-02', 37, 0.71, 1, '2023-01-13'),
(488, '2022-11-02', 42, 0.71, 1, '2023-01-13'),
(489, '2022-11-02', 24, -8.93, 2, '2023-01-13'),
(490, '2022-11-02', 24, -7.15, 2, '2023-01-13'),
(491, '2022-11-02', 3, 0.18, 1, '2023-01-13'),
(492, '2022-11-02', 24, -9.29, 2, '2023-01-13'),
(493, '2022-11-02', 24, -9.29, 2, '2023-01-13'),
(494, '2022-11-02', 24, -14.29, 2, '2023-01-13'),
(495, '2022-11-02', 24, -4.47, 2, '2023-01-13'),
(496, '2022-11-02', 24, -6.07, 2, '2023-01-13'),
(497, '2022-11-02', 109, 0.93, 1, '2023-01-13'),
(498, '2022-11-04', 109, 2.71, 1, '2023-01-13'),
(499, '2022-11-04', 3, 1.25, 1, '2023-01-13'),
(500, '2022-11-04', 109, -6.25, 2, '2023-01-13'),
(501, '2022-11-04', 2, 2.68, 1, '2023-01-13'),
(502, '2022-11-04', 2, 1.79, 1, '2023-01-13'),
(503, '2022-11-04', 2, 2.71, 1, '2023-01-13'),
(504, '2022-11-04', 2, 2.71, 1, '2023-01-13'),
(505, '2022-11-04', 109, 0.18, 1, '2023-01-13'),
(506, '2022-11-04', 109, 0.93, 1, '2023-01-13'),
(507, '2022-11-04', 2, 2.68, 1, '2023-01-13'),
(508, '2022-11-04', 2, 2.52, 1, '2023-01-13'),
(509, '2022-11-04', 3, 0.18, 1, '2023-01-13'),
(510, '2022-11-04', 2, 2.68, 1, '2023-01-13'),
(511, '2022-11-04', 3, 3.18, 1, '2023-01-13'),
(512, '2022-11-04', 2, 3.75, 1, '2023-01-13'),
(513, '2022-11-04', 2, 3.57, 1, '2023-01-13'),
(514, '2022-11-04', 2, 2.71, 1, '2023-01-13'),
(515, '2022-11-04', 2, 2.68, 1, '2023-01-13'),
(516, '2022-11-04', 100, 0.71, 1, '2023-01-13'),
(517, '2022-11-04', 2, 1.78, 1, '2023-01-13'),
(518, '2022-11-04', 2, 1.78, 1, '2023-01-13'),
(519, '2022-11-05', 2, 2.68, 1, '2023-01-13'),
(520, '2022-11-05', 2, 2.68, 1, '2023-01-13'),
(521, '2022-11-05', 3, 2.68, 1, '2023-01-13'),
(522, '2022-11-05', 2, 0.89, 1, '2023-01-13'),
(523, '2022-11-05', 3, 1.96, 1, '2023-01-13'),
(524, '2022-11-05', 102, 5.18, 1, '2023-01-13'),
(525, '2022-11-05', 90, 0.18, 1, '2023-01-13'),
(526, '2022-11-05', 3, 2.35, 1, '2023-01-13'),
(527, '2022-11-05', 3, 4.47, 1, '2023-01-13'),
(528, '2022-11-06', 3, 3.39, 1, '2023-01-13'),
(529, '2022-11-07', 2, 3.39, 1, '2023-01-13'),
(530, '2022-11-07', 110, -16.07, 2, '2023-01-13'),
(531, '2022-11-07', 110, 0.71, 1, '2023-01-13'),
(532, '2022-11-07', 110, -1.07, 2, '2023-01-13'),
(533, '2022-11-07', 110, -4.29, 2, '2023-01-13'),
(534, '2022-11-07', 110, 1.25, 1, '2023-01-13'),
(535, '2022-11-07', 110, -39.82, 2, '2023-01-13'),
(536, '2022-11-07', 110, 4.71, 1, '2023-01-13'),
(537, '2022-11-07', 110, 0.93, 1, '2023-01-13'),
(538, '2022-11-07', 110, 0.16, 1, '2023-01-13'),
(539, '2022-11-07', 110, 0.18, 1, '2023-01-13'),
(540, '2022-11-07', 110, 0.89, 1, '2023-01-13'),
(541, '2022-11-07', 110, -4.29, 2, '2023-01-13'),
(542, '2022-11-07', 52, 0.16, 1, '2023-01-13'),
(543, '2022-11-07', 109, -8.04, 2, '2023-01-13'),
(544, '2022-11-07', 52, 0.18, 1, '2023-01-13'),
(545, '2022-11-07', 52, -6.61, 2, '2023-01-13'),
(546, '2022-11-07', 52, 2.68, 1, '2023-01-13'),
(547, '2022-11-07', 52, -4.29, 2, '2023-01-13'),
(548, '2022-11-07', 52, 0.89, 1, '2023-01-13'),
(549, '2022-11-07', 52, 0.71, 1, '2023-01-13'),
(550, '2022-11-07', 52, 0.71, 1, '2023-01-13'),
(551, '2022-11-07', 52, -6.07, 2, '2023-01-13'),
(552, '2022-11-07', 52, -1.07, 2, '2023-01-13'),
(553, '2022-11-07', 52, 0.71, 1, '2023-01-13'),
(554, '2022-11-07', 52, 0.18, 1, '2023-01-13'),
(555, '2022-11-07', 22, -11.61, 2, '2023-01-13'),
(556, '2022-11-07', 38, 0.71, 1, '2023-01-13'),
(557, '2022-11-07', 2, 2.32, 1, '2023-01-13'),
(558, '2022-11-07', 109, -1.07, 2, '2023-01-13'),
(559, '2022-11-07', 109, -4.06, 2, '2023-01-13'),
(560, '2022-11-07', 109, -3.57, 2, '2023-01-13'),
(561, '2022-11-07', 109, -9.29, 2, '2023-01-13'),
(562, '2022-11-07', 24, -16.61, 2, '2023-01-13'),
(563, '2022-11-07', 3, 5.36, 1, '2023-01-13'),
(564, '2022-11-07', 36, 0.18, 1, '2023-01-13'),
(565, '2022-11-07', 102, 1.96, 1, '2023-01-13'),
(566, '2022-11-07', 68, -11.25, 2, '2023-01-13'),
(567, '2022-11-07', 24, -14.29, 2, '2023-01-13'),
(568, '2022-11-07', 52, -2.68, 2, '2023-01-13'),
(569, '2022-11-07', 110, 0.71, 1, '2023-01-13'),
(570, '2022-11-07', 15, -4.29, 2, '2023-01-13'),
(571, '2022-11-07', 68, 1.39, 1, '2023-01-13'),
(572, '2022-11-07', 18, 1.39, 1, '2023-01-13'),
(573, '2022-11-07', 24, -16.61, 2, '2023-01-13'),
(574, '2022-11-07', 14, -4.29, 2, '2023-01-13'),
(575, '2022-11-07', 24, -1.78, 2, '2023-01-13'),
(576, '2022-11-07', 24, -9.83, 2, '2023-01-13'),
(577, '2022-11-07', 12, 0.93, 1, '2023-01-13'),
(578, '2022-11-07', 24, -1.07, 2, '2023-01-13'),
(579, '2022-11-07', 25, -9.82, 2, '2023-01-13'),
(580, '2022-11-07', 39, 1.96, 1, '2023-01-13'),
(581, '2022-11-07', 109, 1.39, 1, '2023-01-13'),
(582, '2022-11-07', 42, -9.82, 2, '2023-01-13'),
(583, '2022-11-07', 24, -11.61, 2, '2023-01-13'),
(584, '2022-11-07', 102, 0.54, 1, '2023-01-13'),
(585, '2022-11-07', 90, 0.89, 1, '2023-01-13'),
(586, '2022-11-07', 18, 1.25, 1, '2023-01-13'),
(587, '2022-11-07', 42, 0.18, 1, '2023-01-13'),
(588, '2022-11-07', 38, -4.29, 2, '2023-01-13'),
(589, '2022-11-07', 16, 0.18, 1, '2023-01-13'),
(590, '2022-11-07', 1, -9.29, 2, '2023-01-13'),
(591, '2022-11-07', 42, -9.29, 2, '2023-01-13'),
(592, '2022-11-07', 42, -1.07, 2, '2023-01-13'),
(593, '2022-11-07', 42, -4.29, 2, '2023-01-13'),
(594, '2022-11-07', 43, -11.61, 2, '2023-01-13'),
(595, '2022-11-07', 43, -4.29, 2, '2023-01-13'),
(596, '2022-11-07', 25, -14.29, 2, '2023-01-13'),
(597, '2022-11-07', 9, -1.61, 2, '2023-01-13'),
(598, '2022-11-07', 24, -15, 2, '2023-01-13'),
(599, '2022-11-07', 24, -14.29, 2, '2023-01-13'),
(600, '2022-11-07', 110, -16.61, 2, '2023-01-13'),
(601, '2022-11-07', 90, 0.18, 1, '2023-01-13'),
(602, '2022-11-07', 3, 1.79, 1, '2023-01-13'),
(603, '2022-11-07', 28, 0.18, 1, '2023-01-13'),
(604, '2022-11-07', 24, -5.52, 2, '2023-01-13'),
(605, '2022-11-07', 19, 0.18, 1, '2023-01-13'),
(606, '2022-11-07', 24, -9.82, 2, '2023-01-13'),
(607, '2022-11-07', 110, 2.71, 1, '2023-01-13'),
(608, '2022-11-07', 110, 2.71, 1, '2023-01-13'),
(609, '2022-11-07', 16, 4.71, 1, '2023-01-13'),
(610, '2022-11-07', 38, 0.18, 1, '2023-01-13'),
(611, '2022-11-07', 38, 0.89, 1, '2023-01-13'),
(612, '2022-11-07', 42, 7.14, 1, '2023-01-13'),
(613, '2022-11-07', 3, 3.75, 1, '2023-01-13'),
(614, '2022-11-07', 37, 0.93, 1, '2023-01-13'),
(615, '2022-11-07', 15, -4.29, 2, '2023-01-13'),
(616, '2022-11-07', 36, -4.29, 2, '2023-01-13'),
(617, '2022-11-07', 36, -1.05, 2, '2023-01-13'),
(618, '2022-11-07', 3, 6.25, 1, '2023-01-13'),
(619, '2022-11-07', 12, -11.61, 2, '2023-01-13'),
(620, '2022-11-07', 29, 0.18, 1, '2023-01-13'),
(621, '2022-11-07', 52, 0.71, 1, '2023-01-13'),
(622, '2022-11-07', 20, 0.16, 1, '2023-01-13'),
(623, '2022-11-07', 3, 3.75, 1, '2023-01-13'),
(624, '2022-11-07', 28, 0.89, 1, '2023-01-13'),
(625, '2022-11-07', 37, 1.79, 1, '2023-01-13'),
(626, '2022-11-07', 35, 4.47, 1, '2023-01-13'),
(627, '2022-11-07', 9, -4.29, 2, '2023-01-13'),
(628, '2022-11-07', 37, 0.71, 1, '2023-01-13'),
(629, '2022-11-07', 36, -4.29, 2, '2023-01-13'),
(630, '2022-11-07', 68, 0.25, 1, '2023-01-13'),
(631, '2022-11-07', 19, -9.82, 2, '2023-01-13'),
(632, '2022-11-07', 26, 0.54, 1, '2023-01-13'),
(633, '2022-11-07', 12, 0.18, 1, '2023-01-13'),
(634, '2022-11-07', 36, 0.93, 1, '2023-01-13'),
(635, '2022-11-07', 37, 0.89, 1, '2023-01-13'),
(636, '2022-11-07', 15, 0.18, 1, '2023-01-13'),
(637, '2022-11-07', 27, 0.71, 1, '2023-01-13'),
(638, '2022-11-07', 37, -4.29, 2, '2023-01-13'),
(639, '2022-11-07', 37, -9, 2, '2023-01-13'),
(640, '2022-11-07', 3, 5.39, 1, '2023-01-13'),
(641, '2022-11-07', 37, -1.07, 2, '2023-01-13'),
(642, '2022-11-08', 2, 0.25, 1, '2023-01-13'),
(643, '2022-11-08', 15, 15.34, 1, '2023-01-13'),
(644, '2022-11-08', 14, -1.07, 2, '2023-01-13'),
(645, '2022-11-08', 110, 0.71, 1, '2023-01-13'),
(646, '2022-11-08', 3, 0.54, 1, '2023-01-13'),
(647, '2022-11-08', 52, 0.18, 1, '2023-01-13'),
(648, '2022-11-08', 16, -4.82, 2, '2023-01-13'),
(649, '2022-11-08', 28, 0.93, 1, '2023-01-13'),
(650, '2022-11-08', 19, 0.18, 1, '2023-01-13'),
(651, '2022-11-08', 16, 0.89, 1, '2023-01-13'),
(652, '2022-11-08', 20, 0.89, 1, '2023-01-13'),
(653, '2022-11-08', 100, -11.61, 2, '2023-01-13'),
(654, '2022-11-08', 43, 0.89, 1, '2023-01-13'),
(655, '2022-11-08', 14, 0.71, 1, '2023-01-13'),
(656, '2022-11-08', 15, 0.54, 1, '2023-01-13'),
(657, '2022-11-08', 42, 0.89, 1, '2023-01-13'),
(658, '2022-11-08', 35, 0.71, 1, '2023-01-13'),
(659, '2022-11-08', 20, 0.18, 1, '2023-01-13'),
(660, '2022-11-08', 38, 0.89, 1, '2023-01-13'),
(661, '2022-11-08', 26, -6.07, 2, '2023-01-13'),
(662, '2022-11-08', 9, -14.29, 2, '2023-01-13'),
(663, '2022-11-08', 12, -34.82, 2, '2023-01-13'),
(664, '2022-11-08', 12, -9.82, 2, '2023-01-13'),
(665, '2022-11-08', 19, -9.58, 2, '2023-01-13'),
(666, '2022-11-08', 36, 0.54, 1, '2023-01-13'),
(667, '2022-11-08', 3, 5.18, 1, '2023-01-13'),
(668, '2022-11-08', 10, 0.71, 1, '2023-01-13'),
(669, '2022-11-08', 1, 0.71, 1, '2023-01-13'),
(670, '2022-11-08', 38, 0.18, 1, '2023-01-13'),
(671, '2022-11-08', 19, 0.71, 1, '2023-01-13'),
(672, '2022-11-08', 18, -5.36, 2, '2023-01-13'),
(673, '2022-11-08', 20, 0.89, 1, '2023-01-13'),
(674, '2022-11-08', 20, 0.89, 1, '2023-01-13'),
(675, '2022-11-08', 28, 0.71, 1, '2023-01-13'),
(676, '2022-11-08', 42, 1.79, 1, '2023-01-13'),
(677, '2022-11-08', 14, 5.6, 1, '2023-01-13'),
(678, '2022-11-08', 12, 0.89, 1, '2023-01-13'),
(679, '2022-11-08', 3, 3.39, 1, '2023-01-13'),
(680, '2022-11-08', 14, -4.29, 2, '2023-01-13'),
(681, '2022-11-09', 27, 0.18, 1, '2023-01-13'),
(682, '2022-11-09', 19, 2.71, 1, '2023-01-13'),
(683, '2022-11-09', 28, 0.18, 1, '2023-01-13'),
(684, '2022-11-09', 109, 2.93, 1, '2023-01-13'),
(685, '2022-11-09', 39, 0.73, 1, '2023-01-13'),
(686, '2022-11-09', 21, 2.68, 1, '2023-01-13'),
(687, '2022-11-09', 19, 2.71, 1, '2023-01-13'),
(688, '2022-11-09', 39, 0.54, 1, '2023-01-13'),
(689, '2022-11-09', 31, 12.5, 1, '2023-01-13'),
(690, '2022-11-09', 109, -1.07, 2, '2023-01-13'),
(691, '2022-11-09', 12, 0.16, 1, '2023-01-13'),
(692, '2022-11-09', 19, 0.71, 1, '2023-01-13'),
(693, '2022-11-09', 35, 2.68, 1, '2023-01-13'),
(694, '2022-11-09', 25, 0.18, 1, '2023-01-13'),
(695, '2022-11-09', 109, 0.89, 1, '2023-01-13'),
(696, '2022-11-09', 102, 1.25, 1, '2023-01-13'),
(697, '2022-11-09', 31, 0.18, 1, '2023-01-13'),
(698, '2022-11-09', 39, 0.16, 1, '2023-01-13'),
(699, '2022-11-09', 18, -4.29, 2, '2023-01-13'),
(700, '2022-11-09', 35, 0.71, 1, '2023-01-13'),
(701, '2022-11-09', 19, 0.54, 1, '2023-01-13'),
(702, '2022-11-09', 25, 0.73, 1, '2023-01-13'),
(703, '2022-11-09', 15, 0.18, 1, '2023-01-13'),
(704, '2022-11-09', 31, 0.16, 1, '2023-01-13'),
(705, '2022-11-09', 16, -9.58, 2, '2023-01-13'),
(706, '2022-11-09', 19, 0.71, 1, '2023-01-13'),
(707, '2022-11-09', 68, -9.29, 2, '2023-01-13'),
(708, '2022-11-09', 42, 0.71, 1, '2023-01-13'),
(709, '2022-11-09', 39, 0.73, 1, '2023-01-13'),
(710, '2022-11-09', 39, 0.54, 1, '2023-01-13'),
(711, '2022-11-09', 24, -4.82, 2, '2023-01-13'),
(712, '2022-11-09', 20, 0.71, 1, '2023-01-13'),
(713, '2022-11-09', 12, -3.07, 2, '2023-01-13'),
(714, '2022-11-09', 29, -14.29, 2, '2023-01-13'),
(715, '2022-11-09', 29, 0.71, 1, '2023-01-13'),
(716, '2022-11-09', 109, -6.25, 2, '2023-01-13'),
(717, '2022-11-10', 24, -16.96, 2, '2023-01-13'),
(718, '2022-11-10', 24, -8.04, 2, '2023-01-13'),
(719, '2022-11-10', 24, -8.04, 2, '2023-01-13'),
(720, '2022-11-10', 27, 0.54, 1, '2023-01-13'),
(721, '2022-11-10', 24, -6.07, 2, '2023-01-13'),
(722, '2022-11-10', 24, -6.07, 2, '2023-01-13'),
(723, '2022-11-10', 24, -2.84, 2, '2023-01-13'),
(724, '2022-11-10', 24, -9.29, 2, '2023-01-13'),
(725, '2022-11-10', 24, -9.82, 2, '2023-01-13'),
(726, '2022-11-10', 31, 1.39, 1, '2023-01-13'),
(727, '2022-11-10', 42, -16.07, 2, '2023-01-13'),
(728, '2022-11-10', 15, -4.29, 2, '2023-01-13'),
(729, '2022-11-10', 68, -2.75, 2, '2023-01-13'),
(730, '2022-11-10', 3, 2.52, 1, '2023-01-13'),
(731, '2022-11-10', 39, 1.39, 1, '2023-01-13'),
(732, '2022-11-10', 30, 5.36, 1, '2023-01-13'),
(733, '2022-11-10', 20, 0.71, 1, '2023-01-13'),
(734, '2022-11-10', 25, 0.18, 1, '2023-01-13'),
(735, '2022-11-10', 68, 0.71, 1, '2023-01-13'),
(736, '2022-11-10', 35, 1.25, 1, '2023-01-13'),
(737, '2022-11-10', 102, 0.18, 1, '2023-01-13'),
(738, '2022-11-10', 109, 0.71, 1, '2023-01-13'),
(739, '2022-11-10', 21, 0.54, 1, '2023-01-13'),
(740, '2022-11-10', 35, 2.19, 1, '2023-01-13'),
(741, '2022-11-10', 110, 5.39, 1, '2023-01-13'),
(742, '2022-11-10', 68, -11.61, 2, '2023-01-13'),
(743, '2022-11-10', 110, -1.61, 2, '2023-01-13'),
(744, '2022-11-10', 20, -6.07, 2, '2023-01-13'),
(745, '2022-11-10', 42, 0.18, 1, '2023-01-13'),
(746, '2022-11-10', 18, 2.71, 1, '2023-01-13'),
(747, '2022-11-10', 1, 0.71, 1, '2023-01-13'),
(748, '2022-11-10', 15, 0.93, 1, '2023-01-13'),
(749, '2022-11-10', 37, -4.29, 2, '2023-01-13'),
(750, '2022-11-10', 38, 14.29, 1, '2023-01-13'),
(751, '2022-11-10', 38, 0.25, 1, '2023-01-13'),
(752, '2022-11-10', 36, 3.39, 1, '2023-01-13'),
(753, '2022-11-10', 24, -4.29, 2, '2023-01-13'),
(754, '2022-11-10', 28, 0.89, 1, '2023-01-13'),
(755, '2022-11-10', 24, 4.29, 1, '2023-01-13'),
(756, '2022-11-10', 18, 0.71, 1, '2023-01-13'),
(757, '2022-11-10', 24, 4.29, 1, '2023-01-13'),
(758, '2022-11-10', 30, 0.71, 1, '2023-01-13'),
(759, '2022-11-10', 20, 0.18, 1, '2023-01-13'),
(760, '2022-11-10', 28, -1.07, 2, '2023-01-13'),
(761, '2022-11-10', 37, 0.93, 1, '2023-01-13'),
(762, '2022-11-10', 24, -8.93, 2, '2023-01-13'),
(763, '2022-11-10', 24, -6.9, 2, '2023-01-13'),
(764, '2022-11-10', 25, -4.47, 2, '2023-01-13'),
(765, '2022-11-10', 42, 2.71, 1, '2023-01-13'),
(766, '2022-11-10', 15, -6.07, 2, '2023-01-13'),
(767, '2022-11-10', 24, -10, 2, '2023-01-13'),
(768, '2022-11-10', 24, 0.71, 1, '2023-01-13'),
(769, '2022-11-10', 13, 0.71, 1, '2023-01-13'),
(770, '2022-11-10', 24, -4.46, 2, '2023-01-13'),
(771, '2022-11-10', 39, 0.89, 1, '2023-01-13'),
(772, '2022-11-10', 24, -4.46, 2, '2023-01-13'),
(773, '2022-11-10', 26, 0.18, 1, '2023-01-13'),
(774, '2022-11-10', 12, 0.71, 1, '2023-01-13'),
(775, '2022-11-11', 24, -11.61, 2, '2023-01-13'),
(776, '2022-11-11', 24, -6.9, 2, '2023-01-13'),
(777, '2022-11-11', 24, -8.2, 2, '2023-01-13'),
(778, '2022-11-11', 24, -6.61, 2, '2023-01-13'),
(779, '2022-11-11', 24, -9.58, 2, '2023-01-13'),
(780, '2022-11-11', 24, -5.52, 2, '2023-01-13'),
(781, '2022-11-11', 24, -1.62, 2, '2023-01-13'),
(782, '2022-11-11', 24, -3.04, 2, '2023-01-13'),
(783, '2022-11-11', 24, -14.45, 2, '2023-01-13'),
(784, '2022-11-11', 24, -4.29, 2, '2023-01-13'),
(785, '2022-11-11', 24, -5.52, 2, '2023-01-13'),
(786, '2022-11-11', 24, -4.06, 2, '2023-01-13'),
(787, '2022-11-11', 24, -5.52, 2, '2023-01-13'),
(788, '2022-11-11', 24, -5.36, 2, '2023-01-13'),
(789, '2022-11-11', 24, -9.82, 2, '2023-01-13'),
(790, '2022-11-11', 24, -7.68, 2, '2023-01-13'),
(791, '2022-11-11', 24, -11.61, 2, '2023-01-13'),
(792, '2022-11-11', 24, -6.07, 2, '2023-01-13'),
(793, '2022-11-11', 24, -1.29, 2, '2023-01-13'),
(794, '2022-11-11', 24, -9, 2, '2023-01-13'),
(795, '2022-11-11', 24, -9.29, 2, '2023-01-13'),
(796, '2022-11-11', 24, -14.29, 2, '2023-01-13'),
(797, '2022-11-11', 24, -1.07, 2, '2023-01-13'),
(798, '2022-11-11', 24, -6.07, 2, '2023-01-13'),
(799, '2022-11-11', 24, -14.29, 2, '2023-01-13'),
(800, '2022-11-11', 24, -4.29, 2, '2023-01-13'),
(801, '2022-11-11', 24, -11.61, 2, '2023-01-13'),
(802, '2022-11-11', 3, 2.68, 1, '2023-01-13'),
(803, '2022-11-11', 24, -4.29, 2, '2023-01-13'),
(804, '2022-11-11', 26, 0.89, 1, '2023-01-13'),
(805, '2022-11-11', 42, -4.29, 2, '2023-01-13'),
(806, '2022-11-11', 24, -9.29, 2, '2023-01-13'),
(807, '2022-11-11', 15, 0.71, 1, '2023-01-13'),
(808, '2022-11-11', 24, -1.78, 2, '2023-01-13'),
(809, '2022-11-11', 42, 1.39, 1, '2023-01-13'),
(810, '2022-11-11', 15, -14.29, 2, '2023-01-13'),
(811, '2022-11-11', 24, -9.29, 2, '2023-01-13'),
(812, '2022-11-11', 24, -4.47, 2, '2023-01-13'),
(813, '2022-11-11', 37, 0.89, 1, '2023-01-13'),
(814, '2022-11-11', 38, 0.71, 1, '2023-01-13'),
(815, '2022-11-11', 39, 2.71, 1, '2023-01-13'),
(816, '2022-11-11', 24, -5.52, 2, '2023-01-13'),
(817, '2022-11-11', 42, 2.71, 1, '2023-01-13'),
(818, '2022-11-11', 42, 0.18, 1, '2023-01-13'),
(819, '2022-11-11', 24, -5.36, 2, '2023-01-13'),
(820, '2022-11-11', 24, -3.07, 2, '2023-01-13'),
(821, '2022-11-11', 28, -3.04, 2, '2023-01-13'),
(822, '2022-11-11', 24, -4.29, 2, '2023-01-13'),
(823, '2022-11-11', 3, 3.75, 1, '2023-01-13'),
(824, '2022-11-11', 24, -9.58, 2, '2023-01-13'),
(825, '2022-11-11', 36, 0.89, 1, '2023-01-13'),
(826, '2022-11-11', 39, 0.89, 1, '2023-01-13'),
(827, '2022-11-11', 35, 1.25, 1, '2023-01-13'),
(828, '2022-11-11', 30, -4.47, 2, '2023-01-13'),
(829, '2022-11-11', 40, 0.18, 1, '2023-01-13'),
(830, '2022-11-11', 21, -11.61, 2, '2023-01-13'),
(831, '2022-11-11', 39, 0.18, 1, '2023-01-13'),
(832, '2022-11-11', 31, 0.71, 1, '2023-01-13'),
(833, '2022-11-11', 26, -4.29, 2, '2023-01-13'),
(834, '2022-11-11', 110, 0.18, 1, '2023-01-13'),
(835, '2022-11-11', 12, 0.71, 1, '2023-01-13'),
(836, '2022-11-11', 39, 0.18, 1, '2023-01-13'),
(837, '2022-11-11', 19, 0.73, 1, '2023-01-13'),
(838, '2022-11-11', 18, 3.57, 1, '2023-01-13'),
(839, '2022-11-11', 19, -4.46, 2, '2023-01-13'),
(840, '2022-11-11', 38, 0.18, 1, '2023-01-13'),
(841, '2022-11-11', 36, -14.45, 2, '2023-01-13'),
(842, '2022-11-11', 15, 0.18, 1, '2023-01-13'),
(843, '2022-11-11', 38, 2.71, 1, '2023-01-13'),
(844, '2022-11-11', 24, -1.78, 2, '2023-01-13'),
(845, '2022-11-11', 12, 0.18, 1, '2023-01-13'),
(846, '2022-11-11', 24, -3.04, 2, '2023-01-13'),
(847, '2022-11-11', 14, -6.25, 2, '2023-01-13'),
(848, '2022-11-11', 24, -14.29, 2, '2023-01-13'),
(849, '2022-11-11', 110, -4.29, 2, '2023-01-13'),
(850, '2022-11-11', 24, -1.62, 2, '2023-01-13'),
(851, '2022-11-11', 30, 1.96, 1, '2023-01-13'),
(852, '2022-11-11', 37, 2.68, 1, '2023-01-13'),
(853, '2022-11-11', 24, -1.29, 2, '2023-01-13'),
(854, '2022-11-11', 24, -11.61, 2, '2023-01-13'),
(855, '2022-11-11', 24, -1.62, 2, '2023-01-13'),
(856, '2022-11-11', 24, -1.78, 2, '2023-01-13'),
(857, '2022-11-11', 24, -11.77, 2, '2023-01-13'),
(858, '2022-11-11', 42, 2.68, 1, '2023-01-13'),
(859, '2022-11-11', 14, -5.52, 2, '2023-01-13'),
(860, '2022-11-11', 24, -1.29, 2, '2023-01-13'),
(861, '2022-11-11', 3, 3.39, 1, '2023-01-13'),
(862, '2022-11-11', 24, -14.45, 2, '2023-01-13'),
(863, '2022-11-11', 24, -10, 2, '2023-01-13'),
(864, '2022-11-11', 24, -15, 2, '2023-01-13'),
(865, '2022-11-11', 24, 4.45, 1, '2023-01-13'),
(866, '2022-11-11', 36, 0.18, 1, '2023-01-13'),
(867, '2022-11-11', 18, -4.82, 2, '2023-01-13'),
(868, '2022-11-11', 3, 3.57, 1, '2023-01-13'),
(869, '2022-11-11', 37, 0.18, 1, '2023-01-13'),
(870, '2022-11-11', 13, 2.71, 1, '2023-01-13'),
(871, '2022-11-11', 21, -6.07, 2, '2023-01-13'),
(872, '2022-11-11', 28, 0.73, 1, '2023-01-13'),
(873, '2022-11-11', 27, 9, 1, '2023-01-13'),
(874, '2022-11-11', 21, 0.71, 1, '2023-01-13'),
(875, '2022-11-11', 15, 0.89, 1, '2023-01-13'),
(876, '2022-11-12', 109, -11.77, 2, '2023-01-13'),
(877, '2022-11-12', 109, 0.25, 1, '2023-01-13'),
(878, '2022-11-12', 3, 2.68, 1, '2023-01-13'),
(879, '2022-11-12', 109, 0.71, 1, '2023-01-13'),
(880, '2022-11-12', 36, 0.54, 1, '2023-01-13'),
(881, '2022-11-12', 29, 0.71, 1, '2023-01-13'),
(882, '2022-11-12', 29, 0.4, 1, '2023-01-13'),
(883, '2022-11-12', 19, 0.18, 1, '2023-01-13'),
(884, '2022-11-12', 109, 0.89, 1, '2023-01-13'),
(885, '2022-11-12', 35, 0.89, 1, '2023-01-13'),
(886, '2022-11-12', 28, 4.63, 1, '2023-01-13'),
(887, '2022-11-12', 30, -1.61, 2, '2023-01-13'),
(888, '2022-11-12', 110, 0.71, 1, '2023-01-13'),
(889, '2022-11-12', 37, 0.18, 1, '2023-01-13'),
(890, '2022-11-12', 68, -1.07, 2, '2023-01-13'),
(891, '2022-11-12', 14, 0.4, 1, '2023-01-13'),
(892, '2022-11-12', 30, 0.71, 1, '2023-01-13'),
(893, '2022-11-12', 14, 0.89, 1, '2023-01-13'),
(894, '2022-11-12', 42, 2.71, 1, '2023-01-13'),
(895, '2022-11-12', 39, 0.18, 1, '2023-01-13'),
(896, '2022-11-12', 109, -4.29, 2, '2023-01-13'),
(897, '2022-11-12', 39, 0.18, 1, '2023-01-13'),
(898, '2022-11-12', 38, 0.71, 1, '2023-01-13'),
(899, '2022-11-12', 19, -6.07, 2, '2023-01-13'),
(900, '2022-11-12', 109, 0.16, 1, '2023-01-13'),
(901, '2022-11-12', 15, -9.82, 2, '2023-01-13'),
(902, '2022-11-12', 15, -7.15, 2, '2023-01-13'),
(903, '2022-11-12', 37, 0.54, 1, '2023-01-13'),
(904, '2022-11-12', 30, 0.71, 1, '2023-01-13'),
(905, '2022-11-12', 12, 0.18, 1, '2023-01-13'),
(906, '2022-11-12', 14, 0.18, 1, '2023-01-13'),
(907, '2022-11-12', 19, 1.25, 1, '2023-01-13'),
(908, '2022-11-12', 38, 0.18, 1, '2023-01-13'),
(909, '2022-11-12', 37, 0.18, 1, '2023-01-13'),
(910, '2022-11-12', 37, 0.73, 1, '2023-01-13'),
(911, '2022-11-12', 14, 0.18, 1, '2023-01-13'),
(912, '2022-11-12', 14, 0.71, 1, '2023-01-13'),
(913, '2022-11-12', 19, 2.71, 1, '2023-01-13'),
(914, '2022-11-12', 12, 4.71, 1, '2023-01-13'),
(915, '2022-11-12', 35, 1.39, 1, '2023-01-13'),
(916, '2022-11-12', 28, 0.71, 1, '2023-01-13'),
(917, '2022-11-12', 68, 0.71, 1, '2023-01-13'),
(918, '2022-11-12', 19, 0.71, 1, '2023-01-13'),
(919, '2022-11-12', 27, 0.18, 1, '2023-01-13'),
(920, '2022-11-12', 37, 0, 3, '2023-01-13'),
(921, '2022-11-12', 39, 0.18, 1, '2023-01-13'),
(922, '2022-11-13', 3, 1.96, 1, '2023-01-13'),
(923, '2022-11-13', 3, 0.71, 1, '2023-01-13'),
(924, '2022-11-13', 3, 1.79, 1, '2023-01-13'),
(925, '2022-11-13', 3, 3.39, 1, '2023-01-13'),
(926, '2022-11-13', 3, 2.68, 1, '2023-01-13'),
(927, '2022-11-13', 102, 0.89, 1, '2023-01-13'),
(928, '2022-11-14', 109, 0.89, 1, '2023-01-13'),
(929, '2022-11-14', 109, -4.29, 2, '2023-01-13'),
(930, '2022-11-14', 109, -9.58, 2, '2023-01-13'),
(931, '2022-11-14', 2, 3.39, 1, '2023-01-13'),
(932, '2022-11-14', 24, -4.46, 2, '2023-01-13'),
(933, '2022-11-14', 24, -9.58, 2, '2023-01-13'),
(934, '2022-11-14', 110, -8.04, 2, '2023-01-13'),
(935, '2022-11-14', 30, 0.71, 1, '2023-01-13'),
(936, '2022-11-14', 24, -13.72, 2, '2023-01-13'),
(937, '2022-11-14', 110, 0.18, 1, '2023-01-13'),
(938, '2022-11-14', 24, -3.07, 2, '2023-01-13'),
(939, '2022-11-14', 24, -9.29, 2, '2023-01-13'),
(940, '2022-11-14', 24, -9.58, 2, '2023-01-13'),
(941, '2022-11-14', 21, 0.71, 1, '2023-01-13'),
(942, '2022-11-14', 35, 2.52, 1, '2023-01-13'),
(943, '2022-11-14', 16, 0.71, 1, '2023-01-13'),
(944, '2022-11-14', 18, 5.54, 1, '2023-01-13'),
(945, '2022-11-14', 10, 0.73, 1, '2023-01-13'),
(946, '2022-11-14', 19, 0.89, 1, '2023-01-13'),
(947, '2022-11-14', 20, 2.71, 1, '2023-01-13'),
(948, '2022-11-14', 16, 5.35, 1, '2023-01-13'),
(949, '2022-11-14', 28, 0.89, 1, '2023-01-13'),
(950, '2022-11-14', 21, -1.61, 2, '2023-01-13'),
(951, '2022-11-14', 15, -2.28, 2, '2023-01-13'),
(952, '2022-11-14', 110, 0.89, 1, '2023-01-13'),
(953, '2022-11-14', 24, -9.82, 2, '2023-01-13'),
(954, '2022-11-14', 39, 2.71, 1, '2023-01-13'),
(955, '2022-11-14', 90, 0.93, 1, '2023-01-13'),
(956, '2022-11-14', 15, 0.71, 1, '2023-01-13'),
(957, '2022-11-14', 16, 3.39, 1, '2023-01-13'),
(958, '2022-11-14', 25, -14.29, 2, '2023-01-13'),
(959, '2022-11-14', 24, -1.78, 2, '2023-01-13'),
(960, '2022-11-14', 42, 0.18, 1, '2023-01-13'),
(961, '2022-11-14', 24, -1.79, 2, '2023-01-13'),
(962, '2022-11-14', 20, 2.71, 1, '2023-01-13'),
(963, '2022-11-14', 20, 2.71, 1, '2023-01-13'),
(964, '2022-11-14', 24, -4.46, 2, '2023-01-13'),
(965, '2022-11-14', 24, -4.47, 2, '2023-01-13'),
(966, '2022-11-14', 24, -4.47, 2, '2023-01-13'),
(967, '2022-11-14', 24, -16.07, 2, '2023-01-13'),
(968, '2022-11-14', 39, 0.54, 1, '2023-01-13'),
(969, '2022-11-14', 42, 2.71, 1, '2023-01-13'),
(970, '2022-11-14', 39, 2.71, 1, '2023-01-13'),
(971, '2022-11-14', 24, -3.07, 2, '2023-01-13'),
(972, '2022-11-14', 24, -14.45, 2, '2023-01-13'),
(973, '2022-11-14', 24, -3.07, 2, '2023-01-13'),
(974, '2022-11-14', 24, -9.58, 2, '2023-01-13'),
(975, '2022-11-14', 24, -1.07, 2, '2023-01-13'),
(976, '2022-11-14', 15, -4.29, 2, '2023-01-13'),
(977, '2022-11-14', 24, -7.3, 2, '2023-01-13'),
(978, '2022-11-14', 28, 0.89, 1, '2023-01-13'),
(979, '2022-11-14', 39, 2.71, 1, '2023-01-13'),
(980, '2022-11-14', 29, 2.71, 1, '2023-01-13'),
(981, '2022-11-14', 35, 1.79, 1, '2023-01-13'),
(982, '2022-11-14', 24, -4.79, 2, '2023-01-13'),
(983, '2022-11-14', 9, -14.29, 2, '2023-01-13'),
(984, '2022-11-14', 20, 2.71, 1, '2023-01-13'),
(985, '2022-11-14', 36, 0.71, 1, '2023-01-13'),
(986, '2022-11-14', 15, 0.18, 1, '2023-01-13'),
(987, '2022-11-14', 24, -4.29, 2, '2023-01-13'),
(988, '2022-11-14', 42, -4.29, 2, '2023-01-13'),
(989, '2022-11-14', 39, 0.89, 1, '2023-01-13'),
(990, '2022-11-14', 35, 0.16, 1, '2023-01-13'),
(991, '2022-11-14', 18, -9.82, 2, '2023-01-13'),
(992, '2022-11-14', 24, -6.25, 2, '2023-01-13'),
(993, '2022-11-14', 35, 0.93, 1, '2023-01-13'),
(994, '2022-11-14', 18, -6.61, 2, '2023-01-13'),
(995, '2022-11-14', 39, 0.71, 1, '2023-01-13'),
(996, '2022-11-14', 12, -9.29, 2, '2023-01-13'),
(997, '2022-11-14', 24, -1.07, 2, '2023-01-13'),
(998, '2022-11-14', 37, -1.07, 2, '2023-01-13'),
(999, '2022-11-15', 109, -1.79, 2, '2023-01-13'),
(1000, '2022-11-15', 3, 5.36, 1, '2023-01-13'),
(1001, '2022-11-15', 41, 0.71, 1, '2023-01-13'),
(1002, '2022-11-15', 41, 0.18, 1, '2023-01-13'),
(1003, '2022-11-15', 27, 0.18, 1, '2023-01-13'),
(1004, '2022-11-15', 29, 2.71, 1, '2023-01-13'),
(1005, '2022-11-15', 37, 0.93, 1, '2023-01-13'),
(1006, '2022-11-15', 25, -11.61, 2, '2023-01-13'),
(1007, '2022-11-15', 25, -11.61, 2, '2023-01-13'),
(1008, '2022-11-15', 39, 0.16, 1, '2023-01-13'),
(1009, '2022-11-15', 15, -4.29, 2, '2023-01-13'),
(1010, '2022-11-15', 14, -4.29, 2, '2023-01-13'),
(1011, '2022-11-15', 15, 0.71, 1, '2023-01-13'),
(1012, '2022-11-15', 37, 0.93, 1, '2023-01-13'),
(1013, '2022-11-15', 68, 0.89, 1, '2023-01-13'),
(1014, '2022-11-15', 1, 0.73, 1, '2023-01-13'),
(1015, '2022-11-15', 1, 0.89, 1, '2023-01-13'),
(1016, '2022-11-15', 1, 0.18, 1, '2023-01-13'),
(1017, '2022-11-15', 1, 0.89, 1, '2023-01-13'),
(1018, '2022-11-15', 16, 0.71, 1, '2023-01-13'),
(1019, '2022-11-15', 15, 2.71, 1, '2023-01-13'),
(1020, '2022-11-15', 20, 0.89, 1, '2023-01-13'),
(1021, '2022-11-15', 68, 0.71, 1, '2023-01-13'),
(1022, '2022-11-15', 68, 0.71, 1, '2023-01-13'),
(1023, '2022-11-15', 35, 0.16, 1, '2023-01-13'),
(1024, '2022-11-15', 25, 0.89, 1, '2023-01-13'),
(1025, '2022-11-15', 18, 0.18, 1, '2023-01-13'),
(1026, '2022-11-15', 109, 0.93, 1, '2023-01-13'),
(1027, '2022-11-15', 19, 2.71, 1, '2023-01-13'),
(1028, '2022-11-15', 25, 0.89, 1, '2023-01-13'),
(1029, '2022-11-15', 36, 1.39, 1, '2023-01-13'),
(1030, '2022-11-15', 43, 3.39, 1, '2023-01-13'),
(1031, '2022-11-15', 26, 2.71, 1, '2023-01-13'),
(1032, '2022-11-15', 12, 0.71, 1, '2023-01-13'),
(1033, '2022-11-15', 28, 9.66, 1, '2023-01-13'),
(1034, '2022-11-15', 109, 0.89, 1, '2023-01-13'),
(1035, '2022-11-15', 25, 0.73, 1, '2023-01-13'),
(1036, '2022-11-15', 10, 0.16, 1, '2023-01-13'),
(1037, '2022-11-15', 35, 0.71, 1, '2023-01-13'),
(1038, '2022-11-15', 10, 0.18, 1, '2023-01-13'),
(1039, '2022-11-15', 18, -8.04, 2, '2023-01-13'),
(1040, '2022-11-15', 35, 0.18, 1, '2023-01-13'),
(1041, '2022-11-15', 25, 0.89, 1, '2023-01-13'),
(1042, '2022-11-15', 28, 1.39, 1, '2023-01-13'),
(1043, '2022-11-15', 36, -1.29, 2, '2023-01-13'),
(1044, '2022-11-15', 27, 0.18, 1, '2023-01-13'),
(1045, '2022-11-15', 28, 0.89, 1, '2023-01-13');

-- --------------------------------------------------------

--
-- Estructura de tabla para la tabla `fcr`
--

CREATE TABLE `fcr` (
  `id` int(11) NOT NULL,
  `requerimiento` varchar(200) NOT NULL,
  `cliente` varchar(40) NOT NULL,
  `cac_id` int(11) NOT NULL,
  `fecha` date NOT NULL,
  `opcion` varchar(11) NOT NULL,
  `fecha_de_actualizacion` date NOT NULL
) ENGINE=InnoDB DEFAULT CHARSET=utf8mb4;

--
-- Volcado de datos para la tabla `fcr`
--

INSERT INTO `fcr` (`id`, `requerimiento`, `cliente`, `cac_id`, `fecha`, `opcion`, `fecha_de_actualizacion`) VALUES
(1, '', 'ANGELA', 40, '2022-12-01', 'Si', '2023-01-13'),
(2, '', 'ANGEL', 48, '2022-12-01', 'Si', '2023-01-13'),
(3, '', 'EDBER', 15, '2022-12-01', 'Si', '2023-01-13'),
(4, '', 'SEGUNDO', 14, '2022-12-01', 'Si', '2023-01-13'),
(5, 'Envian mal la información los mensajes lo hacen como precencial', 'GLORIA', 45, '2022-12-01', 'No', '2023-01-13'),
(6, '', 'JONATHAN', 6, '2022-12-01', 'Si', '2023-01-13'),
(7, '', 'URBANO', 20, '2022-12-01', 'Si', '2023-01-13'),
(8, '', 'OCTAVIO', 3, '2022-12-01', 'Si', '2023-01-13'),
(9, '', 'WILLAN', 18, '2022-12-01', 'Si', '2023-01-13'),
(10, '', 'MARCO', 16, '2022-12-01', 'Si', '2023-01-13'),
(11, 'Eliminar un servicio de plan', 'FANNY', 1, '2022-12-01', 'No', '2023-01-13'),
(12, '', 'BETTY', 29, '2022-12-01', 'Si', '2023-01-13'),
(13, '', 'EDWIN', 44, '2022-12-01', 'Si', '2023-01-13'),
(14, '', 'ELDER', 3, '2022-12-01', 'Si', '2023-01-13'),
(15, '', 'ANA', 11, '2022-12-01', 'Si', '2023-01-13'),
(16, '', 'JOSE', 12, '2022-12-01', 'Si', '2023-01-13'),
(17, '', 'NIDIA', 11, '2022-12-01', 'Si', '2023-01-13'),
(18, '', 'MIGUEL', 9, '2022-12-01', 'Si', '2023-01-13'),
(19, '', 'LIZBETH', 12, '2022-12-01', 'Si', '2023-01-13'),
(20, '', 'MARIA', 11, '2022-12-01', 'Si', '2023-01-13'),
(21, '', 'PABLO', 13, '2022-12-01', 'Si', '2023-01-13'),
(22, '', 'JOSE', 12, '2022-12-01', 'Si', '2023-01-13'),
(23, '', 'NATHALY', 7, '2022-12-01', 'Si', '2023-01-13'),
(24, '', 'DAYANA', 22, '2022-12-01', 'Si', '2023-01-13'),
(25, '', 'LAURENCE', 20, '2022-12-01', 'Si', '2023-01-13'),
(26, '', 'JESSICA', 45, '2022-12-02', 'Si', '2023-01-13'),
(27, '', 'DANNY', 27, '2022-12-02', 'Si', '2023-01-13'),
(28, '', 'SUSANA', 7, '2022-12-02', 'Si', '2023-01-13'),
(29, '', 'TANIA', 5, '2022-12-02', 'Si', '2023-01-13'),
(30, '', 'YAIRA', 47, '2022-12-02', 'Si', '2023-01-13'),
(31, '', 'NILA', 23, '2022-12-02', 'Si', '2023-01-13'),
(32, '', 'JORGE', 23, '2022-12-02', 'Si', '2023-01-13'),
(33, '', 'ANA', 36, '2022-12-02', 'Si', '2023-01-13'),
(34, '', 'EMERITA', 7, '2022-12-02', 'Si', '2023-01-13'),
(35, '', 'RAMON', 10, '2022-12-02', 'Si', '2023-01-13'),
(36, '', 'ELIZABETH', 48, '2022-12-02', 'Si', '2023-01-13'),
(37, '', 'GEOVANNY', 4, '2022-12-02', 'Si', '2023-01-13'),
(38, '', 'LUIS', 39, '2022-12-03', 'Si', '2023-01-13'),
(39, '', 'RIGOBERTO', 47, '2022-12-03', 'Si', '2023-01-13'),
(40, '', 'JORGE', 20, '2022-12-03', 'Si', '2023-01-13'),
(41, '', 'JOSE', 11, '2022-12-03', 'Si', '2023-01-13'),
(42, '', 'EDILFONSO', 54, '2022-12-03', 'Si', '2023-01-13'),
(43, '', 'LUIS', 5, '2022-12-03', 'Si', '2023-01-13'),
(44, '', 'MICHAEL', 16, '2022-12-03', 'Si', '2023-01-13'),
(45, '', 'DIEGO', 26, '2022-12-03', 'Si', '2023-01-13'),
(46, '', 'RAQUEL', 36, '2022-12-03', 'Si', '2023-01-13'),
(47, '', 'LILIANA', 23, '2022-12-03', 'Si', '2023-01-13'),
(48, '', 'ANA', 6, '2022-12-03', 'Si', '2023-01-13'),
(49, '', 'IVAN', 5, '2022-12-03', 'Si', '2023-01-13'),
(50, '', 'JESSICA', 3, '2022-12-03', 'Si', '2023-01-13'),
(51, '', 'RICHARD', 12, '2022-12-03', 'Si', '2023-01-13'),
(52, '', 'JORGE', 20, '2022-12-03', 'Si', '2023-01-13'),
(53, '', 'JUAN', 13, '2022-12-04', 'Si', '2023-01-13'),
(54, '', 'ROSA', 8, '2022-12-03', 'Si', '2023-01-13'),
(55, '', 'CINDY', 10, '2022-12-05', 'Si', '2023-01-13'),
(56, '', 'MAYRA', 7, '2022-12-05', 'Si', '2023-01-13'),
(57, 'Eliminar plan', 'CARLOS', 10, '2022-12-05', 'No', '2023-01-13'),
(58, '', 'INGRID', 29, '2022-12-05', 'Si', '2023-01-13'),
(59, '', 'CLAUDIA', 5, '2022-12-05', 'Si', '2023-01-13'),
(60, '', 'NELLY', 8, '2022-12-05', 'Si', '2023-01-13'),
(61, '', 'EUGENIA', 29, '2022-12-05', 'Si', '2023-01-13'),
(62, '', 'CINDY', 20, '2022-12-05', 'Si', '2023-01-13'),
(63, '', 'JHONIER', 52, '2022-12-05', 'Si', '2023-01-13'),
(64, '', 'GUSTAVO', 43, '2022-12-05', 'Si', '2023-01-13'),
(65, '', 'ROBERTO', 12, '2022-12-05', 'Si', '2023-01-13'),
(66, '', 'EDISON', 9, '2022-12-05', 'Si', '2023-01-13'),
(67, '', 'CINDY', 20, '2022-12-05', 'Si', '2023-01-13'),
(68, '', 'MARIA', 5, '2022-12-05', 'Si', '2023-01-13'),
(69, '', 'MELANY', 26, '2022-12-05', 'Si', '2023-01-13'),
(70, '', 'YOLANDA', 16, '2022-12-05', 'Si', '2023-01-13'),
(71, '', 'JEFFERSON', 12, '2022-12-05', 'Si', '2023-01-13'),
(72, '', 'ANA', 21, '2022-12-05', 'Si', '2023-01-13'),
(73, '', 'BYRON', 6, '2022-12-05', 'Si', '2023-01-13'),
(74, '', 'FERNANDO', 26, '2022-12-05', 'Si', '2023-01-13'),
(75, '', 'JONATHAN', 27, '2022-12-06', 'Si', '2023-01-13'),
(76, '', 'BRIGITTE', 22, '2022-12-06', 'Si', '2023-01-13'),
(77, '', 'DENNIS', 12, '2022-12-06', 'Si', '2023-01-13'),
(78, '', 'MARTINA', 19, '2022-12-06', 'Si', '2023-01-13'),
(79, '', 'LOURDES', 37, '2022-12-06', 'Si', '2023-01-13'),
(80, '', 'ANGEL', 14, '2022-12-06', 'Si', '2023-01-13'),
(81, '', 'ELSY', 17, '2022-12-06', 'Si', '2023-01-13'),
(82, '', 'KARINA', 8, '2022-12-06', 'Si', '2023-01-13'),
(83, '', 'MANUEL', 36, '2022-12-06', 'Si', '2023-01-13'),
(84, '', 'HUMBERTO', 14, '2022-12-06', 'Si', '2023-01-13'),
(85, '', 'SILVIA', 51, '2022-12-06', 'Si', '2023-01-13'),
(86, '', 'PAUL', 16, '2022-12-06', 'Si', '2023-01-13'),
(87, '', 'JORGE', 32, '2022-12-06', 'Si', '2023-01-13'),
(88, '', 'ANDREA', 39, '2022-12-06', 'Si', '2023-01-13'),
(89, '', 'ELIANA', 13, '2022-12-06', 'Si', '2023-01-13'),
(90, '', 'MAURICIO', 14, '2022-12-06', 'Si', '2023-01-13'),
(91, '', 'LORENA', 19, '2022-12-06', 'Si', '2023-01-13'),
(92, '', 'MARIA', 41, '2022-12-06', 'Si', '2023-01-13'),
(93, '', 'LUIS', 18, '2022-12-06', 'Si', '2023-01-13'),
(94, '', 'CARLOS', 16, '2022-12-06', 'Si', '2023-01-13'),
(95, 'Me cobraron diez dólares más del plan y noe dió solución', 'GERMAN', 13, '2022-12-06', 'No', '2023-01-13'),
(96, '', 'EDUARDO', 48, '2022-12-06', 'Si', '2023-01-13'),
(97, '', 'RICARDO', 13, '2022-12-06', 'Si', '2023-01-13'),
(98, '', 'PABLO', 16, '2022-12-06', 'Si', '2023-01-13'),
(99, '', 'MARILYN', 17, '2022-12-06', 'Si', '2023-01-13'),
(100, '', 'ANGEL', 14, '2022-12-06', 'Si', '2023-01-13'),
(101, '', 'ALICIA', 16, '2022-12-06', 'Si', '2023-01-13'),
(102, '', 'EDITH', 14, '2022-12-06', 'Si', '2023-01-13'),
(103, '', 'EFREN', 36, '2022-12-06', 'Si', '2023-01-13'),
(104, '', 'LUCA', 29, '2022-12-07', 'Si', '2023-01-13'),
(105, '', 'JESUS', 15, '2022-12-07', 'Si', '2023-01-13'),
(106, '', 'CRISTINA', 8, '2022-12-07', 'Si', '2023-01-13'),
(107, '', 'LUIS', 32, '2022-12-07', 'Si', '2023-01-13'),
(108, 'Suspensión por un mes', 'NAPOLEON', 12, '2022-12-07', 'No', '2023-01-13'),
(109, '', 'MARIA', 17, '2022-12-07', 'Si', '2023-01-13'),
(110, '', 'VERONICA', 7, '2022-12-07', 'Si', '2023-01-13'),
(111, '', 'LUIS', 8, '2022-12-07', 'Si', '2023-01-13'),
(112, '', 'OSCAR', 16, '2022-12-07', 'Si', '2023-01-13'),
(113, '', 'TATIANA', 14, '2022-12-07', 'Si', '2023-01-13'),
(114, '', 'STEFANIA', 16, '2022-12-07', 'Si', '2023-01-13'),
(115, '', 'HUGO', 13, '2022-12-07', 'Si', '2023-01-13'),
(116, '', 'MARIO', 6, '2022-12-07', 'Si', '2023-01-13'),
(117, '', 'DELIA', 40, '2022-12-07', 'Si', '2023-01-13'),
(118, '', 'EDGAR', 5, '2022-12-07', 'Si', '2023-01-13'),
(119, '', 'JUAN', 16, '2022-12-07', 'Si', '2023-01-13'),
(120, '', 'CARLOS', 28, '2022-12-07', 'Si', '2023-01-13'),
(121, '', 'ANGEL', 12, '2022-12-07', 'Si', '2023-01-13'),
(122, 'Información para cancelar un plan postpago', 'SANTIAGO', 4, '2022-12-07', 'No', '2023-01-13'),
(123, '', 'JOSHUA', 7, '2022-12-07', 'Si', '2023-01-13'),
(124, 'Son unos pésimos dando servicios ficticios a uno como cliente voy a presentar todos los reclamos posibles en todas las páginas para que sepan de los servicios de miércoles que es están dando', 'MARIA', 48, '2022-12-07', 'No', '2023-01-13'),
(125, '', 'JOSE', 1, '2022-12-07', 'Si', '2023-01-13'),
(126, '', 'JULIO', 23, '2022-12-07', 'Si', '2023-01-13'),
(127, '', 'FRANKLIN', 26, '2022-12-07', 'Si', '2023-01-13'),
(128, '', 'ANGELA', 51, '2022-12-07', 'Si', '2023-01-13'),
(129, 'Cambio de plan', 'ERICK', 11, '2022-12-08', 'No', '2023-01-13'),
(130, 'Nada', 'JUAN', 15, '2022-12-08', 'No', '2023-01-13'),
(131, '', 'JESSICA', 43, '2022-12-01', '', '2023-01-13'),
(132, '', 'CARLOS', 15, '2022-12-08', 'Si', '2023-01-13'),
(133, '', 'RAUL', 23, '2022-12-08', 'Si', '2023-01-13'),
(134, '', 'YORVIN', 31, '2022-12-08', 'Si', '2023-01-13'),
(135, '', 'OSWALDO', 26, '2022-12-08', 'Si', '2023-01-13'),
(136, '', 'NANCY', 13, '2022-12-07', 'Si', '2023-01-13'),
(137, 'Finalizar el plan', 'NATHALY', 4, '2022-12-08', 'Fui  direcc', '2023-01-13'),
(138, '', 'REMIGIO', 23, '2022-12-08', 'Si', '2023-01-13'),
(139, '', 'LUIS', 39, '2022-12-08', 'Si', '2023-01-13'),
(140, '', 'MARIO', 25, '2022-12-08', 'Si', '2023-01-13'),
(141, '', 'LUIS', 23, '2022-12-01', '', '2023-01-13'),
(142, '', 'ANGELICA', 54, '2022-12-08', 'Si', '2023-01-13'),
(143, '', 'DIEGO', 5, '2022-12-08', 'Si', '2023-01-13'),
(144, '', 'JORGE', 11, '2022-12-08', 'Si', '2023-01-13'),
(145, '', 'SHIRLEY', 2, '2022-12-08', 'Si', '2023-01-13'),
(146, '', 'CARMEN', 2, '2022-12-08', 'Si', '2023-01-13'),
(147, '', 'VICTOR', 24, '2022-12-08', 'Si', '2023-01-13'),
(148, '', 'MAYTE', 27, '2022-12-08', 'Si', '2023-01-13'),
(149, '', 'MARIA', 24, '2022-12-08', 'Si', '2023-01-13'),
(150, '', 'NANCY', 6, '2022-12-08', 'Si', '2023-01-13'),
(151, '', 'GINA', 5, '2022-12-01', '', '2023-01-13'),
(152, 'Anular el plan', 'EDISON', 43, '2022-12-08', 'No', '2023-01-13'),
(153, '', 'ANTHONY', 19, '2022-12-08', 'Si', '2023-01-13'),
(154, '', 'LUIS', 17, '2022-12-09', 'Si', '2023-01-13'),
(155, '', 'WENDY', 12, '2022-12-02', '', '2023-01-13'),
(156, '', 'JOSE', 17, '2022-12-09', 'Si', '2023-01-13'),
(157, '', 'DANILO', 5, '2022-12-09', 'Si', '2023-01-13'),
(158, '', 'JESSICA', 11, '2022-12-09', 'Si', '2023-01-13'),
(159, '', 'FRANCISCO', 53, '2022-12-09', 'Si', '2023-01-13'),
(160, '', 'WILSON', 17, '2022-12-09', 'Si', '2023-01-13'),
(161, '', 'CRISTHIAN', 54, '2022-12-09', 'Si', '2023-01-13'),
(162, '', 'ANA', 7, '2022-12-09', 'Si', '2023-01-13'),
(163, '', 'JONATHAN', 16, '2022-12-09', 'Si', '2023-01-13'),
(164, 'No puedo realizar ni recibir llamadas', 'CRISTIAN', 16, '2022-12-10', 'No', '2023-01-13'),
(165, '', 'CARMEN', 23, '2022-12-10', 'Si', '2023-01-13'),
(166, 'Un reclamo de valores que no son los reales y no me solucionaron y mientras no me solucionen no los pagare', 'HOLGER', 38, '2022-12-10', 'No', '2023-01-13'),
(167, '', 'LUIS', 11, '2022-12-10', 'Si', '2023-01-13'),
(168, '', 'JUAN', 14, '2022-12-03', '', '2023-01-13'),
(169, '', 'DORIS', 13, '2022-12-03', '', '2023-01-13'),
(170, '', 'ESTUARDO', 13, '2022-12-03', 'Si', '2023-01-13'),
(171, '', 'VERONICA', 16, '2022-12-10', 'Si', '2023-01-13'),
(172, '', 'CYNTHIA', 3, '2022-12-10', 'Si', '2023-01-13'),
(173, 'Anulación de plan', 'CRISOSTOMO', 29, '2022-12-10', 'No', '2023-01-13'),
(174, '', 'EDWIN', 16, '2022-12-10', 'Si', '2023-01-13'),
(175, '', 'HECTOR', 17, '2022-12-10', 'Si', '2023-01-13'),
(176, '', 'MARIA', 18, '2022-12-10', 'Si', '2023-01-13'),
(177, '', 'SEGUNDO', 17, '2022-12-03', '', '2023-01-13'),
(178, '', 'MERCEDES', 19, '2022-12-03', 'No', '2023-01-13'),
(179, '', 'CRISTHIAN', 11, '2022-12-10', 'Si', '2023-01-13'),
(180, '', 'DARWIN', 8, '2022-12-10', 'Si', '2023-01-13'),
(181, '', 'SANTIAGO', 8, '2022-12-10', 'Si', '2023-01-13'),
(182, '', 'MARGOTH', 12, '2022-12-10', 'Si', '2023-01-13'),
(183, '', 'CHRISTIAN', 41, '2022-12-11', 'Si', '2023-01-13'),
(184, '', 'LUIS', 16, '2022-12-11', 'Si', '2023-01-13'),
(185, '', 'ELSA', 39, '2022-12-11', 'Si', '2023-01-13'),
(186, '', 'ZOILA', 3, '2022-12-10', 'Si', '2023-01-13'),
(187, '', 'CARLOS', 14, '2022-12-12', 'Si', '2023-01-13'),
(188, '', 'EDISON', 12, '2022-12-12', 'Si', '2023-01-13'),
(189, '', 'CHAMBER', 19, '2022-12-12', 'Si', '2023-01-13'),
(190, '', 'ELVIS', 3, '2022-12-12', 'Si', '2023-01-13'),
(191, '', 'YAJAIRA', 12, '2022-12-05', '', '2023-01-13'),
(192, '', 'JEAN', 31, '2022-12-12', 'Si', '2023-01-13'),
(193, '', 'CATHY', 34, '2022-12-12', 'Si', '2023-01-13'),
(194, 'Pésimo servicio', 'EDWIN', 15, '2022-12-12', 'No', '2023-01-13'),
(195, '', 'ORLANDO', 17, '2022-12-12', 'Si', '2023-01-13'),
(196, '', 'CARLOS', 24, '2022-12-12', 'Si', '2023-01-13'),
(197, '', 'DARWIN', 48, '2022-12-12', 'Si', '2023-01-13'),
(198, '', 'RODRIGO', 12, '2022-12-12', 'Si', '2023-01-13'),
(199, '', 'RICARDO', 11, '2022-12-12', 'Si', '2023-01-13'),
(200, '', 'DAVE', 28, '2022-12-12', 'Si', '2023-01-13'),
(201, 'Saber sobre el pago', 'GLORIA', 12, '2022-12-12', 'No', '2023-01-13'),
(202, '', 'ERICK', 2, '2022-12-12', 'Si', '2023-01-13'),
(203, '', 'CESAR', 39, '2022-12-12', 'Si', '2023-01-13'),
(204, '', 'ROSARIO', 39, '2022-12-06', '', '2023-01-13'),
(205, '', 'CELIA', 17, '2022-12-13', 'Si', '2023-01-13'),
(206, '', 'PAUL', 20, '2022-12-13', 'Si', '2023-01-13'),
(207, '', 'ANDREA', 13, '2022-12-06', '', '2023-01-13'),
(208, '', 'ALBERTO', 28, '2022-12-13', 'Si', '2023-01-13'),
(209, '', 'IVETTE', 43, '2022-12-13', 'Si', '2023-01-13'),
(210, '', 'EDWIN', 10, '2022-12-13', 'Si', '2023-01-13'),
(211, '', 'MANUEL', 19, '2022-12-13', 'Si', '2023-01-13'),
(212, '', 'RENE', 21, '2022-12-13', 'Si', '2023-01-13'),
(213, 'Cerrar mi plan, por mañ servicio, por hacer pasar el tiempo y por cobrarse demás, valores que no correspondeva mi plan, y  que no saben ya que decirme, unos decen una versión, otros otra, ni siquiera ', 'NELVA', 17, '2022-12-12', 'No', '2023-01-13'),
(214, '', 'WENDY', 44, '2022-12-13', 'Si', '2023-01-13'),
(215, '', 'NORA', 47, '2022-12-13', 'Si', '2023-01-13'),
(216, '', 'COSME', 5, '2022-12-13', 'Si', '2023-01-13'),
(217, '', 'DARWIN', 17, '2022-12-06', '', '2023-01-13'),
(218, '', 'DANNA', 11, '2022-12-13', 'Si', '2023-01-13'),
(219, '', 'HARRY', 53, '2022-12-13', 'Si', '2023-01-13'),
(220, 'Cierre de planes', 'MARCOS', 16, '2022-12-13', 'No', '2023-01-13'),
(221, '', 'DARWIN', 36, '2022-12-13', 'Si', '2023-01-13'),
(222, '', 'LUIS', 18, '2022-12-14', 'Si', '2023-01-13'),
(223, '', 'NELSON', 26, '2022-12-14', 'Si', '2023-01-13'),
(224, '', 'JULIO', 31, '2022-12-14', 'Si', '2023-01-13'),
(225, '', 'ANGELA', 43, '2022-12-14', 'Si', '2023-01-13'),
(226, '', 'SONIA', 17, '2022-12-07', '', '2023-01-13'),
(227, '', 'FLORENCIO', 51, '2022-12-14', 'Si', '2023-01-13'),
(228, 'Suspensión temporal de plan', 'HUGO', 25, '2022-12-14', 'No', '2023-01-13'),
(229, '', 'LAURA', 17, '2022-12-13', 'Si', '2023-01-13'),
(230, 'Pesimo el servicio de claro , deberian desaparecer de la faz de la tierra', 'NARCISA', 36, '2022-12-14', 'No', '2023-01-13'),
(231, '', 'GABRIEL', 27, '2022-12-14', 'Si', '2023-01-13'),
(232, '', 'DANIEL', 5, '2022-12-14', 'Si', '2023-01-13'),
(233, '', 'LUIS', 39, '2022-12-14', 'Si', '2023-01-13'),
(234, '', 'LUIS', 12, '2022-12-15', 'Si', '2023-01-13'),
(235, '', 'KATHERIN', 6, '2022-12-14', 'Si', '2023-01-13'),
(236, '', 'YOMAIRA', 14, '2022-12-15', 'Si', '2023-01-13'),
(237, '', 'ANGEL', 26, '2022-12-08', '', '2023-01-13'),
(238, '', 'ULBIO', 1, '2022-12-15', 'Si', '2023-01-13'),
(239, '', 'SILVIA', 44, '2022-12-15', 'Si', '2023-01-13'),
(240, '', 'SHIRLEY', 36, '2022-12-15', 'Si', '2023-01-13'),
(241, '', 'PAOLA', 43, '2022-12-15', 'Si', '2023-01-13'),
(242, 'Cambio de forma de pago y cobros indebidos.', 'WASHINGTON', 12, '2022-12-08', 'No', '2023-01-13'),
(243, '', 'JOMAIRA', 37, '2022-12-15', 'Si', '2023-01-13'),
(244, '', 'NARCISA', 24, '2022-12-15', 'Si', '2023-01-13'),
(245, '', 'ANGELA', 8, '2022-12-08', '', '2023-01-13'),
(246, '', 'OSCAR', 17, '2022-12-15', 'Si', '2023-01-13'),
(247, '', 'RICHARD', 23, '2022-12-15', 'Si', '2023-01-13'),
(248, '', 'NELSON', 25, '2022-12-15', 'Si', '2023-01-13'),
(249, '', 'ROBINSON', 17, '2022-12-15', 'Si', '2023-01-13'),
(250, 'Me siento perjudicado con ustedes x q mienten a nosotros sus clientes', 'HUGO', 22, '2022-12-15', 'No', '2023-01-13'),
(251, '', 'CHARLES', 27, '2022-12-15', 'Si', '2023-01-13'),
(252, '', 'JOFFRE', 44, '2022-12-08', '', '2023-01-13'),
(253, '', 'EDISON', 14, '2022-12-15', 'Si', '2023-01-13'),
(254, '', 'SANDY', 22, '2022-12-08', 'Si', '2023-01-13'),
(255, 'Cancelar servicio adicional', 'JAIME', 12, '2022-12-15', 'Fui  direcc', '2023-01-13'),
(256, '', 'MARCO', 37, '2022-12-15', 'Si', '2023-01-13'),
(257, '', 'JOFRY', 40, '2022-12-15', 'Si', '2023-01-13'),
(258, '', 'ANDRES', 23, '2022-12-15', 'Si', '2023-01-13'),
(259, '', 'PETTER', 31, '2022-12-16', 'Si', '2023-01-13'),
(260, '', 'LUIS', 14, '2022-12-16', 'Si', '2023-01-13'),
(261, '', 'JOSE', 7, '2022-12-16', 'Si', '2023-01-13'),
(262, '', 'JOSE', 14, '2022-12-16', 'Si', '2023-01-13'),
(263, '', 'MAURO', 18, '2022-12-16', 'Si', '2023-01-13'),
(264, '', 'HUGO', 53, '2022-12-16', 'Si', '2023-01-13'),
(265, '', 'ALISSON', 1, '2022-12-16', 'Si', '2023-01-13'),
(266, '', 'JACINTO', 11, '2022-12-16', 'Si', '2023-01-13'),
(267, '', 'DARWIN', 14, '2022-12-16', 'Si', '2023-01-13'),
(268, '', 'NAPOLEON', 17, '2022-12-16', 'Si', '2023-01-13'),
(269, '', 'DOLORES', 8, '2022-12-16', 'Si', '2023-01-13'),
(270, '', 'IVAN', 6, '2022-12-16', 'Si', '2023-01-13'),
(271, '', 'LUPE', 7, '2022-12-17', 'Si', '2023-01-13'),
(272, '', 'ANGEL', 16, '2022-12-17', 'Si', '2023-01-13'),
(273, '', 'FREDI', 17, '2022-12-17', 'Si', '2023-01-13'),
(274, '', 'PAULO', 19, '2022-12-17', 'Si', '2023-01-13'),
(275, '', 'BERTHA', 14, '2022-12-17', 'Si', '2023-01-13'),
(276, '', 'STEVEN', 31, '2022-12-10', 'Fui  direcc', '2023-01-13'),
(277, '', 'RICARDO', 16, '2022-12-17', 'Si', '2023-01-13'),
(278, '', 'JAZMINE', 54, '2022-12-17', 'Si', '2023-01-13'),
(279, '', 'ANTHONY', 26, '2022-12-12', '', '2023-01-13'),
(280, 'Cancelar plan', 'MARCELO', 39, '2022-12-19', 'No', '2023-01-13'),
(281, '', 'ADRIANA', 4, '2022-12-19', 'Si', '2023-01-13'),
(282, '', 'JAVIER', 6, '2022-12-19', 'Si', '2023-01-13'),
(283, '', 'GLORIA', 23, '2022-12-19', 'Si', '2023-01-13'),
(284, '', 'RAUL', 34, '2022-12-12', 'Si', '2023-01-13'),
(285, '', 'CARLOS', 16, '2022-12-19', 'Si', '2023-01-13'),
(286, '', 'MARIA', 43, '2022-12-19', 'Si', '2023-01-13'),
(287, '', 'MARCIA', 16, '2022-12-19', 'Si', '2023-01-13'),
(288, '', 'JORGE', 12, '2022-12-19', 'Si', '2023-01-13'),
(289, '', 'SANDRA', 19, '2022-12-19', 'Si', '2023-01-13'),
(290, '', 'JOEL', 7, '2022-12-19', 'Si', '2023-01-13'),
(291, '', 'PAOLA', 11, '2022-12-19', 'Si', '2023-01-13'),
(292, 'Cerrar el plan ..', 'SANTIAGO', 40, '2022-12-19', 'No', '2023-01-13'),
(293, 'Cancelar plan y te lo de factura elevada', 'ANTONIO', 51, '2022-12-19', 'No', '2023-01-13'),
(294, '', 'GEOVANNA', 6, '2022-12-19', 'Si', '2023-01-13'),
(295, '', 'ABEL', 3, '2022-12-19', 'Si', '2023-01-13'),
(296, '', 'ANDREA', 12, '2022-12-20', 'Si', '2023-01-13'),
(297, '', 'LUIS', 7, '2022-12-20', 'Si', '2023-01-13'),
(298, '', 'BYRON', 45, '2022-12-20', 'Si', '2023-01-13'),
(299, '', 'FRANCISCO', 13, '2022-12-20', 'Si', '2023-01-13'),
(300, '', 'FRANKLIN', 6, '2022-12-20', 'Si', '2023-01-13'),
(301, '', 'MARILU', 20, '2022-12-20', 'Si', '2023-01-13'),
(302, 'Cancelar mi plan de celular porque no tengo ya para pagar y me obligan a seguir con el plan contra mi voluntad', 'JOHANNA', 44, '2022-12-20', 'No', '2023-01-13'),
(303, '', 'FRANK', 48, '2022-12-20', 'Si', '2023-01-13'),
(304, '', 'MICHAEL', 16, '2022-12-20', 'Si', '2023-01-13'),
(305, '', 'LILIANA', 10, '2022-12-13', '', '2023-01-13'),
(306, '', 'ZENEIDA', 14, '2022-12-20', 'Si', '2023-01-13'),
(307, '', 'GINA', 40, '2022-12-20', 'Si', '2023-01-13'),
(308, 'Cobros indebidos, pésima ATENCION', 'CARLOS', 9, '2022-12-20', 'No', '2023-01-13'),
(309, '', 'OSWARD', 53, '2022-12-20', 'Si', '2023-01-13'),
(310, '', 'BLANCA', 19, '2022-12-20', 'Si', '2023-01-13'),
(311, '', 'CLARA', 8, '2022-12-13', '', '2023-01-13'),
(312, '', 'LIDICES', 31, '2022-12-20', 'Si', '2023-01-13'),
(313, '', 'CRISTOVAL', 11, '2022-12-20', 'Si', '2023-01-13'),
(314, '', 'PAULINA', 19, '2022-12-20', 'Si', '2023-01-13'),
(315, '', 'CARLOS', 3, '2022-12-21', 'Si', '2023-01-13'),
(316, 'Cancelar plan y solicitar prepago en el mismo numero', 'GUIDO', 3, '2022-12-21', 'No', '2023-01-13'),
(317, '', 'YESENIA', 1, '2022-12-14', 'Si', '2023-01-13'),
(318, '', 'HILDA', 54, '2022-12-21', 'Si', '2023-01-13'),
(319, '', 'ALDRIN', 14, '2022-12-21', 'Si', '2023-01-13'),
(320, '', 'MARIA', 17, '2022-12-21', 'Si', '2023-01-13'),
(321, 'Cancelar valor de plan', 'GIBSON', 17, '2022-12-21', 'Fui  direcc', '2023-01-13'),
(322, '', 'JOFFRE', 26, '2022-12-21', 'Si', '2023-01-13'),
(323, 'Despsionado sin solución', 'HERNAN', 40, '2022-12-21', 'No', '2023-01-13'),
(324, '', 'TANNIA', 24, '2022-12-21', 'Si', '2023-01-13'),
(325, '', 'JAVIER', 23, '2022-12-14', '', '2023-01-13'),
(326, '', 'LUIGGY', 43, '2022-12-14', 'Si', '2023-01-13'),
(327, '', 'SIMON', 12, '2022-12-21', 'Si', '2023-01-13'),
(328, '', 'HERLINDA', 20, '2022-12-22', 'Si', '2023-01-13'),
(329, '', 'KATHERINE', 18, '2022-12-22', 'Si', '2023-01-13'),
(330, '', 'ANGEL', 45, '2022-12-22', 'Si', '2023-01-13'),
(331, '', 'ARMANDO', 43, '2022-12-22', 'Si', '2023-01-13'),
(332, '', 'EDISON', 8, '2022-12-15', 'Si', '2023-01-13'),
(333, '', 'EDISON', 14, '2022-12-22', 'Si', '2023-01-13');

-- --------------------------------------------------------

--
-- Estructura de tabla para la tabla `kioscos`
--

CREATE TABLE `kioscos` (
  `id` int(11) NOT NULL,
  `region` varchar(10) NOT NULL,
  `ciudad` varchar(40) NOT NULL,
  `site_id` int(11) NOT NULL,
  `cac` varchar(40) NOT NULL,
  `habilitados` int(11) NOT NULL
) ENGINE=InnoDB DEFAULT CHARSET=utf8mb4;

--
-- Volcado de datos para la tabla `kioscos`
--

INSERT INTO `kioscos` (`id`, `region`, `ciudad`, `site_id`, `cac`, `habilitados`) VALUES
(1, 'R1', 'Sto. Domingo', 1, 'CAC PASEO SANTO DOMINGO', 2),
(2, 'R1', 'Esmeraldas', 3, 'CAC ESMERALDAS', 1),
(3, 'R1', 'Riobamba', 3, 'CAC PASEO RIOBAMBA', 1),
(4, 'R1', 'Quito', 3, 'CAC EL JARDIN', 1),
(5, 'R1', 'Quito', 1, 'CAC CCI', 1),
(6, 'R1', 'Ibarra', 3, 'CAC LAGUNA MALL', 1),
(7, 'R1', 'Quito', 2, 'CAC SAN LUIS', 2),
(8, 'R1', 'Quito', 1, 'CAC EL RECREO 2', 2),
(9, 'R1', 'Ambato', 3, 'CAC MALL DE LOS ANDES', 1),
(10, 'R1', 'Sto. Domingo', 1, 'CAC SANTO DOMINGO', 2),
(11, 'R1', 'Quito', 1, 'CAC QUICENTRO SUR', 2),
(12, 'R1', 'Quito', 1, 'CAC CONDADO', 2),
(13, 'R1', 'Quito', 2, 'CAC EL RECREO', 3),
(14, 'R1', 'Quito', 1, 'CAC SCALA', 2),
(15, 'R1', 'Quito', 1, 'CAC QUICENTRO NORTE', 2),
(16, 'R1', 'Quito', 1, 'CAC EL PORTAL', 2),
(17, 'R1', 'Ibarra', 1, 'CAC IBARRA', 2),
(18, 'R2', 'Loja', 2, 'CAC LOJA', 1),
(19, 'R2', 'Portoviejo', 2, 'CAC PASEO PORTOVIEJO', 2),
(20, 'R2', 'Guayaquil', 2, 'CAC MALL DEL SUR', 2),
(21, 'R2', 'Manta', 3, 'CAC MANTA', 1),
(22, 'R2', 'Manta', 3, 'CAC MALL DEL PACIFICO', 1),
(23, 'R2', 'Machala', 2, 'CAC PASEO MACHALA', 2),
(24, 'R2', 'Guayaquil', 2, 'CAC CITYMALL', 2),
(25, 'R2', 'Cuenca', 3, 'CAC CUENCA', 2),
(26, 'R2', 'Guayaquil', 2, 'CAC RIOCENTRO NORTE', 2),
(27, 'R2', 'Guayaquil', 2, 'CAC RIOCENTRO SUR', 1),
(28, 'R2', 'Machala', 2, 'CAC MACHALA', 1),
(29, 'R2', 'Guayaquil', 2, 'CAC EL DORADO', 1),
(30, 'R2', 'Guayaquil', 2, 'CAC RIOCENTRO CEIBOS', 1),
(31, 'R2', 'Guayaquil', 2, 'CAC EL FORTIN', 2),
(32, 'R2', 'Guayaquil', 3, 'CAC MALL DEL SOL', 1),
(33, 'R2', 'Guayaquil', 2, 'CAC RIOCENTRO ENTRERIOS', 1),
(34, 'R2', 'Duran', 2, 'CAC PASEO DURAN', 2),
(35, 'R2', 'Guayaquil', 3, 'CAC HIPER VIA A DAULE', 1),
(36, 'R2', 'Babahoyo', 3, 'CAC PASEO BABAHOYO', 1),
(37, 'R2', 'Quevedo', 2, 'CAC PASEO QUEVEDO', 1),
(38, 'R2', 'Cuenca', 3, 'CAC MALL DEL RIO', 1),
(39, 'R2', 'Guayaquil', 2, 'CAC POLICENTRO', 2),
(40, 'R2', 'Guayaquil', 3, 'CAC SAN MARINO', 1),
(41, 'R2', 'Salinas', 3, 'CAC PASEO LA LIBERTAD', 1),
(42, 'R2', 'Quevedo', 2, 'CAC QUEVEDO CENTRO', 2),
(43, 'R2', 'Guayaquil', 2, 'CAC 9 DE OCTUBRE', 2),
(44, 'R2', 'Guayaquil', 3, 'CAC 9 DE OCTUBRE 2', 1),
(45, 'R1', 'Ambato', 3, 'CAC AMBATO', 1),
(46, 'R2', 'Guayaquil', 3, 'CAC CENTRUM', 1),
(47, 'R2', 'Guayaquil', 3, 'CAC TERMINAL TERRESTRE', 1),
(48, 'R1', 'Quito', 1, 'CAC ETECO', 1),
(49, 'R2', 'Babahoyo', 3, 'CAC BABAHOYO', 1),
(50, 'R1', 'Esmeraldas', 3, 'CAC MULTIPLAZA ESMERALDAS', 1),
(51, 'R2', 'Milagro', 2, 'CAC MILAGRO', 1),
(52, 'R2', 'Babahoyo', 3, 'CAC BABAHOYO CENTRO', 1),
(53, 'R2', 'Guayaquil', 3, 'CAC HIPER VIA DAULE', 1),
(54, 'R1', 'Esmeraldas', 3, 'CAC MULTIPLAZA', 1);

-- --------------------------------------------------------

--
-- Estructura de tabla para la tabla `metas`
--

CREATE TABLE `metas` (
  `id` int(11) NOT NULL,
  `Upgrade` int(11) NOT NULL,
  `Downgrade` int(11) NOT NULL,
  `Nps` int(11) NOT NULL,
  `Fcr` int(11) NOT NULL
) ENGINE=InnoDB DEFAULT CHARSET=utf8mb4;

--
-- Volcado de datos para la tabla `metas`
--

INSERT INTO `metas` (`id`, `Upgrade`, `Downgrade`, `Nps`, `Fcr`) VALUES
(1, 1500, -1500, 91, 96);

-- --------------------------------------------------------

--
-- Estructura de tabla para la tabla `nps`
--

CREATE TABLE `nps` (
  `id` int(11) NOT NULL,
  `comentario` varchar(255) NOT NULL,
  `cac_id` int(11) NOT NULL,
  `contacto` int(11) NOT NULL,
  `fecha` date NOT NULL,
  `grupo` varchar(10) NOT NULL,
  `fecha_de_actualizacion` date NOT NULL
) ENGINE=InnoDB DEFAULT CHARSET=utf8mb4;

--
-- Volcado de datos para la tabla `nps`
--

INSERT INTO `nps` (`id`, `comentario`, `cac_id`, `contacto`, `fecha`, `grupo`, `fecha_de_actualizacion`) VALUES
(1, '', 12, 39880668, '2022-11-30', 'Pasivo', '2023-01-13'),
(2, '', 43, 80023305, '2022-11-30', 'Pasivo', '2023-01-13'),
(3, '', 9, 89204210, '2022-11-29', 'Promotor', '2023-01-13'),
(4, '', 12, 99134690, '2022-11-28', 'Promotor', '2023-01-13'),
(5, '', 1, 97449705, '2022-11-28', 'Promotor', '2023-01-13'),
(6, '', 14, 88449586, '2022-11-26', '', '2023-01-13'),
(7, '', 14, 91370282, '2022-11-26', 'Promotor', '2023-01-13'),
(8, '', 22, 67741278, '2022-11-25', 'Pasivo', '2023-01-13'),
(9, '', 34, 90994310, '2022-11-25', '', '2023-01-13'),
(10, '', 11, 68605704, '2022-11-25', 'Pasivo', '2023-01-13'),
(11, '', 43, 89253858, '2022-11-25', 'Promotor', '2023-01-13'),
(12, '', 6, 83329218, '2022-11-24', 'Promotor', '2023-01-13'),
(13, '', 54, 93633083, '2022-11-24', 'Promotor', '2023-01-13'),
(14, 'Buenas atención', 11, 85471723, '2022-12-01', 'Promotor', '2023-01-13'),
(15, 'Porque no recibí ayuda esperada... soy una clienta cumplida, le dije que mi traspaso sería temporal... estoy contenta con el servicio de claro, no quiero dejar la operadora, quería ayuda temporal.', 7, 84258880, '2022-11-30', 'Detractor', '2023-01-13'),
(16, 'Porque la comunicación no fue constante referido al audio como vídeo, por todo lo demás, un servicio satisfactorio. Gracias ...!', 15, 82718069, '2022-11-30', 'Pasivo', '2023-01-13'),
(17, 'Por qué no ahí una buena atención solo buscan o ven por la operadora no por el cliente', 9, 80236566, '2022-11-30', 'Detractor', '2023-01-13'),
(18, 'Exelente', 17, 86116307, '2022-11-30', 'Promotor', '2023-01-13'),
(19, 'El asesor fue amable, explicito, me indicó los beneficios de mi plan y satisfizo mis inquietudes', 15, 86529988, '2022-11-30', 'Promotor', '2023-01-13'),
(20, 'Excelente servicio', 16, 85161001, '2022-11-30', 'Promotor', '2023-01-13'),
(21, 'Muy buen servicio de la persona que me atendió', 3, 88474321, '2022-11-30', 'Promotor', '2023-01-13'),
(22, 'Despejó todas mis dudas y se porto de manera amable', 41, 69732451, '2022-11-30', 'Promotor', '2023-01-13'),
(23, '', 12, 69692506, '2022-11-23', '', '2023-01-13'),
(24, '^_^', 31, 67109693, '2022-11-30', 'Promotor', '2023-01-13'),
(25, 'Excelente y muy amable la atencion al cliente', 31, 68813449, '2022-11-30', 'Promotor', '2023-01-13'),
(26, 'Bien', 39, 80448014, '2022-11-30', 'Pasivo', '2023-01-13'),
(27, 'Buen servicio', 30, 97511623, '2022-11-30', 'Promotor', '2023-01-13'),
(28, '', 16, 87188040, '2022-11-23', 'Detractor', '2023-01-13'),
(29, '', 21, 83028873, '2022-11-23', 'Promotor', '2023-01-13'),
(30, 'Quien me atendió fue , cotez, explicativa, y prolija investigando', 21, 67019378, '2022-11-30', 'Promotor', '2023-01-13'),
(31, 'Porq no ayudan al cliente uno lee explica el motivo no siquiera porq uno quiere cancelar le ayudan', 19, 59953721, '2022-11-30', 'Detractor', '2023-01-13'),
(32, '', 14, 95767148, '2022-11-23', 'Promotor', '2023-01-13'),
(33, 'Porq yo obtuve el servicio de un plan y en el momento q decidiera retirarme me digeron q tenia q pagar una multa de 6 dolares y ahora q me voy a retirar me salen con q tengo q pagar 19 dolares  y x eso motivo no le recomiendo a nadie q se acoja a estos se', 19, 68666501, '2022-11-30', 'Detractor', '2023-01-13'),
(34, 'Buena atención', 26, 89233637, '2022-11-30', 'Promotor', '2023-01-13'),
(35, 'Esta bien', 17, 96861479, '2022-11-30', 'Promotor', '2023-01-13'),
(36, 'Muy satisfecho con el servicio brindado', 16, 98932664, '2022-11-29', 'Pasivo', '2023-01-13'),
(37, 'Buena antendio. Y rápido muy amable explicamuy bie', 6, 80448492, '2022-11-29', 'Promotor', '2023-01-13'),
(38, 'Me dierom la imformacion  q queria', 12, 39051087, '2022-11-29', 'Promotor', '2023-01-13'),
(39, 'Bein', 41, 88648119, '2022-11-29', 'Promotor', '2023-01-13'),
(40, 'Atención requerida ok ????', 16, 86060230, '2022-11-29', 'Promotor', '2023-01-13'),
(41, 'No me dieron solución a nada', 17, 94995525, '2022-11-29', 'Detractor', '2023-01-13'),
(42, 'Por q fue util', 51, 93156358, '2022-11-29', 'Promotor', '2023-01-13'),
(43, 'No escuchan el.que me recibió m iso volver 2 veces definitivamente no y  voy a cambiarme de operadora', 45, 97244841, '2022-11-29', 'Detractor', '2023-01-13'),
(44, '', 10, 92101180, '2022-11-22', 'Promotor', '2023-01-13'),
(45, 'Muy buena atención', 47, 86539131, '2022-11-29', 'Promotor', '2023-01-13'),
(46, 'Ninguno', 40, 69353228, '2022-11-29', 'Promotor', '2023-01-13'),
(47, 'Ok', 20, 87752428, '2022-11-28', 'Promotor', '2023-01-13'),
(48, 'Porque me atendieron bien', 17, 81212334, '2022-11-28', 'Promotor', '2023-01-13'),
(49, '', 24, 88661570, '2022-11-21', '', '2023-01-13'),
(50, 'Buen servicio', 28, 88072491, '2022-11-28', 'Promotor', '2023-01-13'),
(51, 'Muy bien servicio', 48, 60436608, '2022-11-28', 'Promotor', '2023-01-13'),
(52, 'Porque el chico fue muy amable no por el servicio que da claro', 19, 63287904, '2022-11-28', 'Promotor', '2023-01-13'),
(53, '', 25, 98289849, '2022-11-21', 'Detractor', '2023-01-13'),
(54, 'Mal servicio', 1, 94164740, '2022-11-28', 'Detractor', '2023-01-13'),
(55, '', 11, 99418122, '2022-11-21', 'Promotor', '2023-01-13'),
(56, 'La calificación le puse por que fuy muy mal atendido ya que me disen espere un minuto y espere más de 5 y tras eso pregunte si demoraba y nunca me contesto nada', 22, 91237480, '2022-11-28', 'Detractor', '2023-01-13'),
(57, 'Explica detalladamente lo que el cliente quiere saber a su problema', 13, 93054445, '2022-11-28', 'Pasivo', '2023-01-13'),
(58, 'Por buena atencion', 20, 58771141, '2022-11-28', 'Promotor', '2023-01-13'),
(59, 'La señorita me dio haciendo una solicitud para llamar a toda operadora de un plan de 12 dólares , que no es podido llamar a ninguna operadora a parte de claro , durante todo este nuevo plan  , de tal manera no e sido beneficiado en su totalidad ,. gracias', 18, 68868252, '2022-11-28', 'Promotor', '2023-01-13'),
(60, '', 14, 95229878, '2022-11-21', 'Promotor', '2023-01-13'),
(61, 'La atención fue excelente', 51, 80732211, '2022-11-28', 'Promotor', '2023-01-13'),
(62, 'Si buena la atención fue muy rápida excente y recomendarían otra persona', 16, 67880035, '2022-11-27', 'Promotor', '2023-01-13'),
(63, '', 12, 99868288, '2022-11-20', 'Promotor', '2023-01-13'),
(64, 'La asesora fue muy amable', 7, 62706744, '2022-11-26', 'Promotor', '2023-01-13'),
(65, '', 13, 79425024, '2022-11-19', '', '2023-01-13'),
(66, 'No me solucionaron el problema,me dijieron que cancele 25.46 más 6 dólares por dar de baja anticipada . Ahora me dicen que tengo que pagar un vamos de 12 dólares de un servicio que no deseo me parece un estafa . Necesito que me den se baja yo les boy a pa', 21, 60204962, '2022-11-26', 'Detractor', '2023-01-13'),
(67, 'Muy buena', 43, 91930078, '2022-11-26', 'Promotor', '2023-01-13'),
(68, 'Excelente', 16, 87357953, '2022-11-26', 'Promotor', '2023-01-13'),
(69, '', 54, 92343829, '2022-11-19', '', '2023-01-13'),
(70, 'Buena atención de la chica y especialmente amable y con mucha paciencia', 6, 84551671, '2022-11-26', 'Promotor', '2023-01-13'),
(71, 'El chico que me atendió muy empático y me dio todas las opciones para analizar.\nEspero con los ñasos que me dio poder hacer que la intermitencia de mis datos desaparezca y poder tener conexiones sostenibles para un mejor desempeño en mi trabajo muchas gra', 7, 93054251, '2022-11-26', 'Promotor', '2023-01-13'),
(72, '????', 1, 59959066, '2022-11-26', 'Pasivo', '2023-01-13'),
(73, 'Muy buena atención', 16, 93375497, '2022-11-26', 'Promotor', '2023-01-13'),
(74, 'Muy buena atención, y muy buena explicación, excelente', 32, 91683124, '2022-11-26', 'Promotor', '2023-01-13'),
(75, 'El acesor es un exelete  al atenderr al cliente pero nunca dan solusion alos reclamos', 17, 91124554, '2022-11-26', 'Pasivo', '2023-01-13'),
(76, 'Por q si me atendió con mucha cordialidad', 17, 86950991, '2022-11-26', 'Promotor', '2023-01-13'),
(77, 'Por la amabilidad', 18, 84111208, '2022-11-26', 'Promotor', '2023-01-13'),
(78, 'Es buena', 14, 93554620, '2022-11-26', 'Promotor', '2023-01-13'),
(79, 'Porque no dan la solución a lo que un cliente necesita', 16, 59028727, '2022-11-25', 'Detractor', '2023-01-13'),
(80, 'Buena', 16, 97485726, '2022-11-25', 'Promotor', '2023-01-13'),
(81, 'Muy amable la atencion', 21, 90768722, '2022-11-25', 'Promotor', '2023-01-13'),
(82, 'Tener un servicio eficaz es lo adecuado !', 43, 86680196, '2022-11-25', 'Promotor', '2023-01-13'),
(83, 'X que es.mucjo.mas rápida la atención', 40, 99054389, '2022-11-25', 'Pasivo', '2023-01-13'),
(84, '', 23, 93363010, '2022-11-18', 'Promotor', '2023-01-13'),
(85, '', 10, 94468574, '2022-11-18', '', '2023-01-13'),
(86, 'Es que yo no sabia cuánto era lo que tenía que cancelar mensualmente pero la señorita me explico y también me dijo que mensualmente me enviaran a mí correo lo que tengo que pagar', 19, 59226892, '2022-11-25', 'Promotor', '2023-01-13'),
(87, 'Fue una experiencia exitosa y muy clara', 16, 86126342, '2022-11-25', 'Promotor', '2023-01-13'),
(88, 'Buena la atención', 5, 89274381, '2022-11-24', 'Promotor', '2023-01-13'),
(89, '', 18, 92119433, '2022-11-17', 'Detractor', '2023-01-13'),
(90, 'Bueno', 53, 90155881, '2022-11-24', 'Pasivo', '2023-01-13'),
(91, 'Si me dieron solucion', 36, 99646424, '2022-11-24', 'Promotor', '2023-01-13'),
(92, 'Muy clara y presisa', 31, 86546150, '2022-11-24', 'Promotor', '2023-01-13'),
(93, 'Extraordinaria atención; muy bien explicada y fluida.', 10, 95307070, '2022-11-24', 'Promotor', '2023-01-13'),
(94, 'Buena atención', 23, 85413021, '2022-11-24', 'Promotor', '2023-01-13'),
(95, 'Nada', 12, 92599873, '2022-11-24', 'Promotor', '2023-01-13'),
(96, 'Fue exelente la atención', 11, 93511228, '2022-11-24', 'Promotor', '2023-01-13'),
(97, 'Muy amable y comprensible, buen servicio', 4, 99303776, '2022-11-24', 'Promotor', '2023-01-13'),
(98, 'Por la atención oportuna conforme al requerimiento', 45, 80070979, '2022-11-24', 'Pasivo', '2023-01-13'),
(99, 'Excelente', 22, 85233727, '2022-11-24', 'Promotor', '2023-01-13'),
(100, 'G', 17, 85314961, '2022-11-24', 'Promotor', '2023-01-13'),
(101, 'Excelente atención', 16, 91925754, '2022-11-24', 'Promotor', '2023-01-13'),
(102, 'Me gustó la atención fue muy entendí le y perfecta en mi dudas', 20, 82812598, '2022-11-23', 'Promotor', '2023-01-13'),
(103, '', 28, 86122720, '2022-11-16', '', '2023-01-13'),
(104, 'Porque solo me dijeron que si fue acreditado y q si deseo solo ponga queja', 4, 58874434, '2022-11-23', 'Detractor', '2023-01-13'),
(105, 'Buena atención y servicio', 1, 81569682, '2022-11-23', 'Detractor', '2023-01-13'),
(106, 'Necesitaba Asesoría Para Mi Plan Básico Gracias Por La Solución', 28, 85828232, '2022-11-23', 'Pasivo', '2023-01-13'),
(107, 'El chico de hoy 23 de noviembre si me asesoro bien pero los anteriores que me e contactado para nada no me informaron completa explique que no tenia trabajo y hoy me toca pagar el valor de 18 dolares casi 19 pésimo servicio la próxima mes me cambio de ope', 17, 80074248, '2022-11-23', 'Promotor', '2023-01-13'),
(108, 'Sin comentario', 25, 62573912, '2022-11-23', 'Promotor', '2023-01-13'),
(109, 'Excelente atención ????', 10, 79512377, '2022-11-23', 'Promotor', '2023-01-13'),
(110, 'Bien solo que demora', 15, 99636215, '2022-11-23', 'Pasivo', '2023-01-13'),
(111, 'Ok', 27, 91611293, '2022-11-23', 'Promotor', '2023-01-13'),
(112, 'Excelente', 51, 80576823, '2022-11-23', 'Promotor', '2023-01-13'),
(113, 'Por que espere mucho para ser atendido', 18, 99525002, '2022-11-23', 'Pasivo', '2023-01-13'),
(114, 'He tratado de cancelar el servicio por más de 2 meses, revisen el historial', 7, 62573264, '2022-11-23', 'Detractor', '2023-01-13'),
(115, 'Fue rápido y excelente', 24, 68886409, '2022-11-23', 'Promotor', '2023-01-13'),
(116, 'Excelente servicio', 44, 60213652, '2022-11-23', 'Promotor', '2023-01-13'),
(117, 'Buena', 22, 97046561, '2022-11-23', 'Promotor', '2023-01-13'),
(118, 'Porque la atención fue rápida', 7, 99697507, '2022-11-23', 'Promotor', '2023-01-13'),
(119, 'Es prácticamente una calificación personalizada, y la atención de la asesora excelente.', 5, 98710874, '2022-11-23', 'Promotor', '2023-01-13'),
(120, 'Necesario para calificar la actitud del servidorv', 54, 93859880, '2022-11-23', 'Promotor', '2023-01-13'),
(121, 'Me brindaron Confianza y eso es muy bueno Gracias.', 12, 97502635, '2022-11-23', 'Promotor', '2023-01-13'),
(122, 'Muy bien su atención', 7, 79152458, '2022-11-22', 'Promotor', '2023-01-13'),
(123, 'Eselente atención', 19, 68656074, '2022-11-22', 'Promotor', '2023-01-13'),
(124, 'cumplió mí petición  q después de ir con occiin de anular  me dio una buena alternativa y con buen servicio', 24, 88006637, '2022-11-22', 'Promotor', '2023-01-13'),
(125, 'Tengo un plan de claro tv y es solo canales turros pasan\nPuras películas viejas deberían actualizar la programación', 54, 97658148, '2022-11-22', 'Pasivo', '2023-01-13'),
(126, 'Por qué la señorita me atendió con mucho gusto y la atención fue satisfactoria', 20, 86729811, '2022-11-22', 'Promotor', '2023-01-13'),
(127, '', 31, 99624199, '2022-11-15', '', '2023-01-13'),
(128, 'Muy buena atención del joven', 7, 88377961, '2022-11-22', 'Promotor', '2023-01-13'),
(129, 'Muy rápido', 44, 88361343, '2022-11-22', 'Promotor', '2023-01-13'),
(130, 'que sigan atendiendo a los clientes de la misma manera', 10, 92155537, '2022-11-22', 'Promotor', '2023-01-13'),
(131, 'Me ayudó', 14, 69472355, '2022-11-22', 'Promotor', '2023-01-13'),
(132, 'No me entendió que el plan que tengo ya está pagado por adelantado', 11, 98306985, '2022-11-22', 'Detractor', '2023-01-13'),
(133, 'Pienso que es mejor una atención presencial', 7, 87877979, '2022-11-22', 'Detractor', '2023-01-13'),
(134, 'La atención por parte del asesor muy bien  recomendada felicidades', 17, 82523798, '2022-11-22', 'Promotor', '2023-01-13'),
(135, 'Porque así lo percibí', 21, 97456319, '2022-11-22', 'Promotor', '2023-01-13'),
(136, 'Buena atención y aclara dudas', 36, 39663074, '2022-11-22', 'Promotor', '2023-01-13'),
(137, 'Porque nunca me atendieron y a parte la persona que da los turnos, ni si quiera brinda bien los turnos. Existe una falta de atención por asesores.', 14, 88143585, '2022-11-22', 'Detractor', '2023-01-13'),
(138, 'Mucho tiempo de espera', 5, 95647086, '2022-11-22', 'Detractor', '2023-01-13'),
(139, 'No se escucha muy bien, de lado y lado. Ni el asesor, ni yo como usuario.   De ahí todo muy BIEN ????', 17, 92663637, '2022-11-22', 'Pasivo', '2023-01-13'),
(140, 'Muy buena atención', 14, 68858085, '2022-11-22', 'Promotor', '2023-01-13'),
(141, 'Buen servicio', 5, 92269979, '2022-11-22', 'Promotor', '2023-01-13'),
(142, 'La persona que me atendió fue muy amable', 9, 92037778, '2022-11-21', 'Promotor', '2023-01-13'),
(143, '', 13, 85879667, '2022-11-14', 'Promotor', '2023-01-13'),
(144, 'Una atención con pereza ????????????', 8, 93540717, '2022-11-21', 'Detractor', '2023-01-13'),
(145, 'Ok', 48, 69213875, '2022-11-21', 'Promotor', '2023-01-13'),
(146, '', 25, 81111974, '2022-11-14', 'Pasivo', '2023-01-13'),
(147, 'Todo bien', 13, 93487163, '2022-11-21', 'Promotor', '2023-01-13'),
(148, 'Muy grocesoros los asesores', 16, 97185199, '2022-11-21', 'Detractor', '2023-01-13'),
(149, 'El señor tiene paciencia para explicar a personas que no usamos bien la tecnogia', 13, 97505416, '2022-11-21', 'Promotor', '2023-01-13'),
(150, 'Muy buena atencion muchas gracias.', 17, 92370477, '2022-11-21', 'Promotor', '2023-01-13'),
(151, 'Ninguna', 5, 96728541, '2022-11-21', 'Promotor', '2023-01-13'),
(152, 'Una persona increíble, .me ayudó  de manera excepcional', 7, 84698175, '2022-11-21', 'Promotor', '2023-01-13'),
(153, 'Bueno', 18, 80357583, '2022-11-21', 'Promotor', '2023-01-13'),
(154, '', 43, 91115498, '2022-11-14', 'Promotor', '2023-01-13'),
(155, 'Satisfaci mi espectativas sin cojer turno y rapido', 42, 86294168, '2022-11-21', 'Promotor', '2023-01-13'),
(156, 'Si me ayudó en mi problema', 28, 93252183, '2022-11-21', 'Promotor', '2023-01-13'),
(157, 'Muy buen servicio de la señorita de atención al cliente, fue especifica y supo atender la necesidad', 8, 95880883, '2022-11-20', 'Pasivo', '2023-01-13'),
(158, 'Tube un poco problemas de audio porque el punto estaba muy cerca a ala circulación de la gente', 3, 98799090, '2022-11-20', 'Promotor', '2023-01-13'),
(159, 'Gracias', 14, 85466321, '2022-11-20', 'Promotor', '2023-01-13'),
(160, 'Fue excelente la atención', 13, 90469266, '2022-11-19', 'Promotor', '2023-01-13'),
(161, 'Buen servicio', 22, 86875403, '2022-11-19', 'Promotor', '2023-01-13'),
(162, 'Sc', 7, 82458785, '2022-11-19', 'Promotor', '2023-01-13'),
(163, 'Excelente', 37, 67602768, '2022-11-19', 'Promotor', '2023-01-13'),
(164, 'Soluciono mi inconveniente satisfactoriamente', 7, 84952590, '2022-11-19', 'Promotor', '2023-01-13'),
(165, 'No pueden esperar hasta uno llegar al kiosco me demoré 3 minutos', 13, 93701218, '2022-11-19', 'Detractor', '2023-01-13'),
(166, 'La chica fue muy gentil y muy clara en todo momento', 15, 91639006, '2022-11-19', 'Promotor', '2023-01-13'),
(167, 'Mi requerimiento fue atendido de manera eficiente', 8, 93391773, '2022-11-19', 'Promotor', '2023-01-13'),
(168, 'Excelente atención y servicio', 6, 93476550, '2022-11-19', 'Promotor', '2023-01-13'),
(169, '', 6, 92346831, '2022-11-12', '', '2023-01-13'),
(170, 'La atención fue excelente', 11, 87476948, '2022-11-19', 'Promotor', '2023-01-13'),
(171, 'Muy buena la atencion', 5, 93309187, '2022-11-19', 'Promotor', '2023-01-13'),
(172, 'por lo rapido i eficaz', 41, 68063678, '2022-11-19', 'Promotor', '2023-01-13'),
(173, 'Muy buen servicio de la persona que me atendió referida en lo personal', 37, 67793337, '2022-11-19', 'Promotor', '2023-01-13'),
(174, 'Buen servicio', 15, 85356319, '2022-11-19', 'Promotor', '2023-01-13'),
(175, 'Fue muy buena, por eso mi calificación', 14, 39956003, '2022-11-19', 'Promotor', '2023-01-13'),
(176, 'Muy rápido', 39, 59505152, '2022-11-19', 'Promotor', '2023-01-13'),
(177, 'Excelente', 40, 99502098, '2022-11-19', 'Promotor', '2023-01-13'),
(178, '', 3, 94129184, '2022-11-12', 'Promotor', '2023-01-13'),
(179, 'Todo excelente', 34, 80488898, '2022-11-19', 'Promotor', '2023-01-13'),
(180, 'Excelente atención.', 24, 99511029, '2022-11-19', 'Promotor', '2023-01-13'),
(181, 'Porque me soluciono lo que le pregunto', 12, 99782471, '2022-11-19', 'Promotor', '2023-01-13'),
(182, 'Lo único deficiente fue que el equipo de funcionaba para poder escuchar directamente desde el teléfono y tampoco se podía imprimir', 26, 94392087, '2022-11-18', 'Pasivo', '2023-01-13'),
(183, 'Recibí solución a mi problema', 53, 97195257, '2022-11-18', 'Promotor', '2023-01-13'),
(184, 'Muy bueno', 9, 92780101, '2022-11-18', 'Promotor', '2023-01-13'),
(185, 'muy satisfecha del cambio de plan', 27, 99754570, '2022-11-18', 'Promotor', '2023-01-13'),
(186, 'Un muy buen servicio ????????', 13, 95829139, '2022-11-18', 'Promotor', '2023-01-13'),
(187, 'Por su excelente atención gracias ????????', 40, 79968411, '2022-11-18', 'Promotor', '2023-01-13'),
(188, '', 43, 96097996, '2022-11-11', '', '2023-01-13'),
(189, 'Muy amable de parte de la persona  que me atendió', 43, 84357952, '2022-11-18', 'Pasivo', '2023-01-13'),
(190, 'Fue exelente la atención', 45, 80315527, '2022-11-18', 'Promotor', '2023-01-13'),
(191, 'Todo ok', 15, 95835585, '2022-11-18', 'Promotor', '2023-01-13'),
(192, 'Excelente ???? servicio ????', 14, 80210572, '2022-11-18', 'Promotor', '2023-01-13'),
(193, 'Fu enseguida la atención', 21, 62558497, '2022-11-18', 'Promotor', '2023-01-13'),
(194, 'Por que quiero', 34, 91251987, '2022-11-18', 'Detractor', '2023-01-13'),
(195, 'Iba a cerrar el plan y la asesora due muy amable y excelente.. me ayudo en todo momento..felicitaciones', 43, 86507257, '2022-11-18', 'Promotor', '2023-01-13'),
(196, 'Muy buenos', 32, 93613156, '2022-11-18', 'Promotor', '2023-01-13'),
(197, 'Buena atención', 15, 86563648, '2022-11-18', 'Promotor', '2023-01-13'),
(198, 'Me pareció  clara y satisfactoria', 43, 90061341, '2022-11-18', 'Pasivo', '2023-01-13'),
(199, 'Por muy buena atención', 41, 94780524, '2022-11-17', 'Promotor', '2023-01-13'),
(200, '', 8, 90607813, '2022-11-10', 'Detractor', '2023-01-13'),
(201, 'Buena atención  resolvió mi solicitud', 36, 88850762, '2022-11-17', 'Promotor', '2023-01-13'),
(202, 'Diligente y precisa la funcionaria.', 30, 86439439, '2022-11-17', 'Promotor', '2023-01-13'),
(203, 'Buena y rapida', 10, 97062443, '2022-11-17', 'Promotor', '2023-01-13'),
(204, 'Ninguno', 13, 88861269, '2022-11-17', 'Promotor', '2023-01-13'),
(205, 'Porque la persona que dió el servicio si estaba preparado  para dar solución al problema', 43, 97630639, '2022-11-17', 'Promotor', '2023-01-13'),
(206, 'LA ATENCION FUE EFICAZ Y DESPEJO MIS DUDAS ANTE TODOS MIS REQUERIMIENTOS..BENDICIONES..SIGAN ADELANTE', 36, 94363203, '2022-11-17', 'Promotor', '2023-01-13'),
(207, 'Ninguno', 5, 83846386, '2022-11-17', 'Promotor', '2023-01-13'),
(208, 'Se obtiene respuesta rápida', 18, 89393472, '2022-11-17', 'Promotor', '2023-01-13'),
(209, 'SN', 12, 39914909, '2022-11-17', 'Promotor', '2023-01-13'),
(210, '', 20, 59058094, '2022-11-10', 'Promotor', '2023-01-13'),
(211, 'Buen sev', 48, 86025890, '2022-11-17', 'Promotor', '2023-01-13'),
(212, 'Porque realmente fueron con toda explicacion y una buena motivacion', 19, 85658202, '2022-11-17', 'Promotor', '2023-01-13'),
(213, 'No me gusta la idea del auricular por razones de sanidad. Prefiero que me llamen a mi teléfono', 19, 94021424, '2022-11-17', 'Promotor', '2023-01-13'),
(214, 'Muy buena atencion', 19, 91849529, '2022-11-17', 'Promotor', '2023-01-13'),
(215, 'Quedé satisfecho con los requerimientos y la atención', 11, 84438145, '2022-11-17', 'Promotor', '2023-01-13'),
(216, 'No me dieron solución al servicio', 51, 92106932, '2022-11-17', 'Pasivo', '2023-01-13'),
(217, 'Excelente', 11, 84729447, '2022-11-17', 'Promotor', '2023-01-13'),
(218, 'Buen atención,  un poco incómodo estar de pie... la comunicación 9/10, requerimiento solucionado.', 8, 87774475, '2022-11-17', 'Promotor', '2023-01-13'),
(219, '', 14, 89765899, '2022-11-10', '', '2023-01-13'),
(220, 'Bien', 48, 91418978, '2022-11-17', 'Promotor', '2023-01-13'),
(221, '', 21, 91458676, '2022-11-10', 'Promotor', '2023-01-13'),
(222, 'Me gustó la atención', 8, 99843641, '2022-11-17', 'Promotor', '2023-01-13'),
(223, 'Excelente servicio', 12, 98129854, '2022-11-17', 'Promotor', '2023-01-13'),
(224, '', 26, 87427874, '2022-11-09', 'Promotor', '2023-01-13'),
(225, 'Pésimo servicio', 45, 84909200, '2022-11-16', 'Detractor', '2023-01-13'),
(226, 'Atendió bien', 12, 93920900, '2022-11-16', 'Pasivo', '2023-01-13'),
(227, 'No me genero turno para ser atendida y pagar en el módulo me toco esperar', 1, 86716690, '2022-11-16', 'Detractor', '2023-01-13'),
(228, 'Muy buena atención', 16, 84056785, '2022-11-16', 'Promotor', '2023-01-13'),
(229, 'El asesor me atendió de excelente forma.', 40, 85711431, '2022-11-16', 'Promotor', '2023-01-13'),
(230, '', 13, 81861026, '2022-11-09', '', '2023-01-13'),
(231, 'Por buen servicio', 6, 86732343, '2022-11-16', 'Promotor', '2023-01-13'),
(232, '', 16, 89653815, '2022-11-09', 'Promotor', '2023-01-13'),
(233, '', 33, 79726295, '2022-11-09', 'Detractor', '2023-01-13'),
(234, 'Muy buena la atención', 16, 86322078, '2022-11-16', 'Promotor', '2023-01-13'),
(235, 'Excelente la señorita muy atenta', 12, 92124299, '2022-11-16', 'Promotor', '2023-01-13'),
(236, 'Jsh', 34, 94108760, '2022-11-16', 'Promotor', '2023-01-13'),
(237, 'Bueno la atención super precisa y acertada a mis inquietudes', 45, 83421900, '2022-11-16', 'Promotor', '2023-01-13'),
(238, 'Es bueno', 14, 63430327, '2022-11-16', 'Promotor', '2023-01-13'),
(239, 'Muy amable el Sr, atención perfecto y me aclaro todas mis dudas', 17, 82829797, '2022-11-16', 'Promotor', '2023-01-13'),
(240, 'Amable y eficiente.', 24, 91554815, '2022-11-16', 'Promotor', '2023-01-13'),
(241, 'El Kiosko no estaba atendiendo', 40, 86972416, '2022-11-16', 'Detractor', '2023-01-13'),
(242, 'Porq la srta me dio la información q quería y me ayudo a mi requerimiento', 16, 82935354, '2022-11-16', 'Promotor', '2023-01-13'),
(243, 'Gracias buen sefvicio', 33, 90378339, '2022-11-16', 'Promotor', '2023-01-13'),
(244, 'Excelente servicio', 54, 91435638, '2022-11-16', 'Promotor', '2023-01-13'),
(245, 'Fue mejor atención cumpliendo mí requerimiento a diferencia de una asesora anterior que nunca cumplió con lo solicitado', 4, 88758929, '2022-11-16', 'Promotor', '2023-01-13'),
(246, 'Sigan mejorando', 53, 69247950, '2022-11-16', 'Promotor', '2023-01-13'),
(247, '', 7, 80593315, '2022-11-09', '', '2023-01-13'),
(248, 'Obtuve  un beneficio', 41, 87888166, '2022-11-16', 'Promotor', '2023-01-13'),
(249, '', 22, 85262544, '2022-11-09', 'Promotor', '2023-01-13'),
(250, '', 16, 90689466, '2022-11-09', '', '2023-01-13'),
(251, '', 39, 97573652, '2022-11-08', 'Detractor', '2023-01-13'),
(252, 'En lo personal prefiero hablar con una persona frente a frente', 7, 95729467, '2022-11-15', 'Pasivo', '2023-01-13'),
(253, 'Buenas atención', 34, 85972220, '2022-11-15', 'Promotor', '2023-01-13'),
(254, 'Buen servicio y atención', 12, 58747187, '2022-11-15', 'Promotor', '2023-01-13'),
(255, 'Muy buena explicacion', 16, 93562940, '2022-11-15', 'Promotor', '2023-01-13'),
(256, '', 3, 87710911, '2022-11-08', 'Promotor', '2023-01-13'),
(257, 'En otros locales como el quicentro Sur mala la atención de los empleados pésima xfavor llamarles la atención ya q ése local ay jente mal. Atte julio Chávez', 8, 94281016, '2022-11-15', 'Promotor', '2023-01-13'),
(258, 'Porque para este caso debe de atenderse personalmente.', 19, 80415234, '2022-11-15', 'Promotor', '2023-01-13'),
(259, '', 34, 92365165, '2022-11-08', 'Detractor', '2023-01-13'),
(260, '', 26, 88246995, '2022-11-08', '', '2023-01-13'),
(261, 'No cobren tarifas excesivas, y los asesores no mientan, ya que a mí me ofrecen tantos servicios y nunca le cumplieron, si así continúan retiro mi Plan inmediatamente', 3, 88942876, '2022-11-15', 'Promotor', '2023-01-13'),
(262, 'Es un servicio eficaz y muy rápido a la hora de resolver cualquier tipo de duda, por eso el motivo de mi calificación.\nExelente servicio.', 33, 61102430, '2022-11-15', 'Promotor', '2023-01-13'),
(263, 'Un excelente servicio', 13, 80343223, '2022-11-15', 'Promotor', '2023-01-13'),
(264, 'Fue una atención buena, rápida y fácil!', 33, 95346105, '2022-11-15', 'Promotor', '2023-01-13'),
(265, '', 21, 90880037, '2022-11-08', '', '2023-01-13'),
(266, 'Problemas al escuchar al asesor, interferencia', 3, 87354650, '2022-11-15', 'Pasivo', '2023-01-13'),
(267, 'Eficiente', 31, 69349464, '2022-11-15', 'Detractor', '2023-01-13'),
(268, 'bueno', 16, 81957051, '2022-11-14', 'Promotor', '2023-01-13'),
(269, 'Buena attention del joven.', 32, 80855170, '2022-11-14', 'Promotor', '2023-01-13'),
(270, 'Porque me ayudo mucho en lo que quería saber', 34, 97140978, '2022-11-14', 'Promotor', '2023-01-13'),
(271, 'Si me ayudaron. En lo q necesitaba', 12, 81319412, '2022-11-14', 'Promotor', '2023-01-13'),
(272, 'Muy buena atención', 17, 88286563, '2022-11-14', 'Promotor', '2023-01-13'),
(273, 'Muy buena atención', 22, 84209820, '2022-11-14', 'Promotor', '2023-01-13'),
(274, 'La atención excelente pero lo relacionado a el servicio de querer cancelar deja mucho q desear conbran demasiado', 10, 99517563, '2022-11-14', 'Promotor', '2023-01-13'),
(275, 'Buena atención', 13, 60767316, '2022-11-14', 'Promotor', '2023-01-13'),
(276, 'Muy buena atención', 36, 98658719, '2022-11-14', 'Pasivo', '2023-01-13'),
(277, 'Me pareció muy atenta la persona q me atendió', 44, 39003773, '2022-11-14', 'Promotor', '2023-01-13'),
(278, 'Es lanentable el servicio, una cosa ofrecen cuando venden el servicio y otra cosa dan cuando ya se contrató', 15, 84787129, '2022-11-14', 'Detractor', '2023-01-13'),
(279, 'Solucionaron mi inconveniente', 18, 86571076, '2022-11-14', 'Promotor', '2023-01-13'),
(280, 'Me trataron bien', 53, 82697581, '2022-11-14', 'Pasivo', '2023-01-13'),
(281, 'La atencion buenicima', 23, 91639508, '2022-11-14', 'Promotor', '2023-01-13'),
(282, 'La atención en el local es terrible.\nLo peor del mundo mundial.\nParece institución pública.', 48, 97014394, '2022-11-14', 'Detractor', '2023-01-13'),
(283, 'Exelente servicio despejó todos mis inquietudes, para mejorar el servicio espero pueden proporcionar unos audífonos tipo manos libres', 3, 85633690, '2022-11-14', 'Promotor', '2023-01-13'),
(284, 'A', 14, 61661178, '2022-11-14', 'Promotor', '2023-01-13'),
(285, 'Gracias', 18, 68276237, '2022-11-14', 'Pasivo', '2023-01-13'),
(286, '', 7, 67213918, '2022-11-07', 'Promotor', '2023-01-13'),
(287, 'Excelente atención gracias', 31, 94235296, '2022-11-14', 'Promotor', '2023-01-13'),
(288, '', 24, 58871560, '2022-11-06', 'Promotor', '2023-01-13'),
(289, 'Excelente explicación de la Srta.', 36, 85214417, '2022-11-13', 'Promotor', '2023-01-13'),
(290, 'Exelente', 34, 85663859, '2022-11-12', 'Promotor', '2023-01-13'),
(291, 'Solamente me gustaría que sea más ágil la atención se demora mucho  el turno si me solucionaron mi problema', 11, 92448481, '2022-11-12', 'Pasivo', '2023-01-13'),
(292, 'Excelente servicio.', 12, 79045286, '2022-11-12', 'Promotor', '2023-01-13'),
(293, 'Positivo', 34, 59023448, '2022-11-12', 'Promotor', '2023-01-13'),
(294, 'Excelente atención,  empatia', 17, 93242937, '2022-11-12', 'Promotor', '2023-01-13'),
(295, 'El asesor tiene respuestas concretas y rápidas', 16, 87070257, '2022-11-12', 'Pasivo', '2023-01-13'),
(296, 'Muy buena informacion y paciencia', 18, 86428445, '2022-11-12', 'Promotor', '2023-01-13'),
(297, 'Es claro y preciso la ayuda que me brindaron muy buena si lo recomendaría a mis amistades. Muchas gracias', 51, 91590208, '2022-11-12', 'Promotor', '2023-01-13'),
(298, 'Muy buena atención ????????', 47, 85353947, '2022-11-12', 'Promotor', '2023-01-13'),
(299, 'Mejoren el cervicio de internet', 38, 59455382, '2022-11-12', 'Pasivo', '2023-01-13'),
(300, 'EXCELENTE', 37, 91979412, '2022-11-12', 'Promotor', '2023-01-13'),
(301, 'Una muy buena atención .....me gusto la forma de su atención al cliente mi\nMuy buena', 34, 96928657, '2022-11-12', 'Promotor', '2023-01-13'),
(302, 'Me colgo la llamada', 33, 89220941, '2022-11-12', 'Detractor', '2023-01-13'),
(303, 'Ok', 9, 84577162, '2022-11-12', 'Promotor', '2023-01-13'),
(304, 'Gracias por su servicio', 3, 95006112, '2022-11-12', 'Promotor', '2023-01-13'),
(305, 'Fue gratificante', 14, 80627809, '2022-11-12', 'Promotor', '2023-01-13'),
(306, 'Satisfacción', 15, 79101040, '2022-11-12', 'Promotor', '2023-01-13'),
(307, 'Si es Kiosko, la atención debe ser inmediata. No deben dejar esperando.', 32, 91783834, '2022-11-11', 'Detractor', '2023-01-13'),
(308, 'Atención excelente', 5, 81903548, '2022-11-11', 'Promotor', '2023-01-13'),
(309, 'Casi no se le escuchaba, estaba el volumen muy bajito, pero nos ayudo miy bien. Gracias', 8, 69054530, '2022-11-11', 'Promotor', '2023-01-13'),
(310, 'excelente atención', 32, 94061334, '2022-11-11', 'Promotor', '2023-01-13'),
(311, '.', 6, 99584697, '2022-11-11', 'Promotor', '2023-01-13'),
(312, 'Muy buena la atención y con profesionalismo', 12, 99474691, '2022-11-11', 'Promotor', '2023-01-13'),
(313, 'Muy buena atención', 15, 93346932, '2022-11-11', 'Promotor', '2023-01-13'),
(314, 'Todo ok', 16, 88459272, '2022-11-11', 'Pasivo', '2023-01-13'),
(315, 'Eficiente', 11, 88308680, '2022-11-11', 'Promotor', '2023-01-13'),
(316, 'Excelente servicio', 31, 81550068, '2022-11-11', 'Promotor', '2023-01-13'),
(317, 'Excelente atención y resuelven mejor que los asesores presenciales que están en oficina', 54, 93976017, '2022-11-11', 'Promotor', '2023-01-13'),
(318, 'Buena atencion', 16, 62799053, '2022-11-11', 'Promotor', '2023-01-13'),
(319, 'Me explico muy bien', 11, 99368634, '2022-11-11', 'Promotor', '2023-01-13'),
(320, 'Deberian de asesorar mejor al cliente, ya que genera confusión y problemas al momento de solicitar una información, en mi caso el debido indebido, indican que no me explicarón bien, pero me voy con la duda del debito que realizarón, por favor tomar en cue', 34, 81727104, '2022-11-11', 'Pasivo', '2023-01-13'),
(321, 'El segundo asesor que me atendió fue muy claro con su explicación y su ayuda, entendiendo la necesidad del cliente.', 7, 87270623, '2022-11-11', 'Promotor', '2023-01-13'),
(322, 'Me ayudo con mi inquietud', 15, 67708191, '2022-11-11', 'Promotor', '2023-01-13'),
(323, 'Exelente', 15, 81980345, '2022-11-11', 'Promotor', '2023-01-13'),
(324, 'Excelente', 19, 68630568, '2022-11-11', 'Promotor', '2023-01-13'),
(325, 'En tiempos de covid no me parece bien usar el mismo teléfono con otras personas', 12, 96625016, '2022-11-10', 'Pasivo', '2023-01-13'),
(326, 'Muy buena', 4, 94982411, '2022-11-10', 'Promotor', '2023-01-13'),
(327, 'Por que fue la primera persona que expresó bien el servicio que habría adquirido', 7, 39287630, '2022-11-10', 'Promotor', '2023-01-13'),
(328, 'Ninguna', 17, 80926318, '2022-11-10', 'Promotor', '2023-01-13'),
(329, 'Por la atencion oportuna y muy solvente', 16, 89263533, '2022-11-10', 'Pasivo', '2023-01-13'),
(330, 'Muy eficacaz amable y concisa', 16, 99763378, '2022-11-10', 'Promotor', '2023-01-13'),
(331, 'Sigan siendo amables', 54, 86184608, '2022-11-10', 'Promotor', '2023-01-13'),
(332, 'Buena atención', 25, 91210915, '2022-11-10', 'Promotor', '2023-01-13'),
(333, 'Buenas literalmente', 53, 97930727, '2022-11-10', 'Promotor', '2023-01-13'),
(334, 'Me ayudaron con cada una de las inquietudes que tenía... Gracias... Dios, NUESTRO PADRE ETERNO, les continúe bendiciendo', 39, 61879646, '2022-11-10', 'Promotor', '2023-01-13'),
(335, 'Me atendió muy bien', 23, 91095160, '2022-11-10', 'Promotor', '2023-01-13'),
(336, 'Solucionaron mi situación', 8, 88590810, '2022-11-10', 'Promotor', '2023-01-13'),
(337, 'Se solucionó mi requerímiento', 7, 99956033, '2022-11-10', 'Promotor', '2023-01-13'),
(338, 'Porque la atención de la señorita fue muy satisfactoria me indicó todas las posibilidades que tenía para no cerrar el plan', 7, 85788216, '2022-11-10', 'Promotor', '2023-01-13'),
(339, 'Fue amable y educado', 34, 88508565, '2022-11-10', 'Promotor', '2023-01-13'),
(340, 'Sn', 14, 81322006, '2022-11-10', 'Pasivo', '2023-01-13'),
(341, 'Buen trato información clara y directa', 17, 94757463, '2022-11-10', 'Promotor', '2023-01-13'),
(342, 'Por el buen servicio', 37, 80907268, '2022-11-10', 'Promotor', '2023-01-13'),
(343, 'Ok', 16, 94145131, '2022-11-10', 'Promotor', '2023-01-13'),
(344, '', 31, 95288814, '2022-11-02', '', '2023-01-13'),
(345, 'Es tan necesario ser atendido de forma presencial', 7, 86082904, '2022-11-09', 'Detractor', '2023-01-13'),
(346, 'Buena atención', 5, 86563648, '2022-11-09', 'Promotor', '2023-01-13'),
(347, 'Me pareció muy eficiente.', 6, 93063675, '2022-11-09', 'Promotor', '2023-01-13'),
(348, '', 16, 69918427, '2022-11-02', 'Promotor', '2023-01-13'),
(349, 'Son buenísimos', 43, 91126196, '2022-11-09', 'Promotor', '2023-01-13'),
(350, '', 24, 97620858, '2022-11-02', 'Promotor', '2023-01-13'),
(351, 'la atención fue buena', 39, 97072062, '2022-11-09', 'Pasivo', '2023-01-13'),
(352, 'Por que si alguna persona  por emotivos  personales  desea cancelar un pla no debería  aver tanta insistencia  para que conserve el cliente  un servicio  que ya no desea.', 12, 92167352, '2022-11-09', 'Pasivo', '2023-01-13'),
(353, '. \n..', 22, 94519770, '2022-11-09', 'Pasivo', '2023-01-13'),
(354, 'Por me obligan a seguir pagando algo q ya no utilizo', 54, 87279392, '2022-11-09', 'Detractor', '2023-01-13'),
(355, 'Porque necesito anular el plan y no me ayudan me ponen tantos peor una me da uns explicación y luego me dan otra explicación queriendo generar nuevas facturas', 36, 87468111, '2022-11-09', 'Detractor', '2023-01-13'),
(356, 'EN SATISFACTORIO LA ATENCIÓN. ES COMO REALIZARLA DE FORMA PRESENCIAL Y LA ATENCIÓN ES MUY SERVICIAL', 43, 81177635, '2022-11-09', 'Promotor', '2023-01-13'),
(357, 'Fue una buena atención', 6, 79917191, '2022-11-09', 'Promotor', '2023-01-13'),
(358, 'Excelente el caballero por la atención ????', 51, 91777119, '2022-11-09', 'Promotor', '2023-01-13'),
(359, 'Bueno', 16, 99146817, '2022-11-09', 'Promotor', '2023-01-13'),
(360, 'Buena atencion', 16, 99567033, '2022-11-09', 'Promotor', '2023-01-13'),
(361, 'Bueno en el kiosco buen servicio en ventanilla pesimo', 12, 92291996, '2022-11-09', 'Pasivo', '2023-01-13'),
(362, '', 12, 97701741, '2022-11-02', 'Promotor', '2023-01-13'),
(363, 'Buena atención', 12, 83204058, '2022-11-09', 'Promotor', '2023-01-13'),
(364, 'La señorita que me atendio lo hizo con amabilidad, me ayudo con mi requerimiento y me asesoro sobre lo que era mejor para mi', 26, 97528411, '2022-11-09', 'Promotor', '2023-01-13'),
(365, 'Muy buena la atención', 13, 91519110, '2022-11-09', 'Promotor', '2023-01-13'),
(366, 'Fue clara en la explicación solicitada, despejó todas mis inquietudes, trato cordial. ????', 14, 85633514, '2022-11-09', 'Promotor', '2023-01-13'),
(367, 'Atencion rapida y consisa', 8, 86644248, '2022-11-09', 'Promotor', '2023-01-13'),
(368, '', 48, 89627007, '2022-11-02', '', '2023-01-13'),
(369, '', 30, 91955862, '2022-11-02', '', '2023-01-13'),
(370, 'Buen servicio', 6, 93173617, '2022-11-08', 'Promotor', '2023-01-13'),
(371, 'Fui bien atendido y me ayudaron a solucionar mi problema', 12, 68253208, '2022-11-08', 'Promotor', '2023-01-13'),
(372, 'Una excelente atención', 48, 85281107, '2022-11-08', 'Promotor', '2023-01-13'),
(373, 'Aclaro mis dudas', 24, 91136663, '2022-11-08', 'Promotor', '2023-01-13'),
(374, 'Mi turno fue respetado.', 10, 93995520, '2022-11-08', 'Pasivo', '2023-01-13'),
(375, 'Que sigan mejorando en beneficio de los clientes', 30, 86787000, '2022-11-08', 'Pasivo', '2023-01-13'),
(376, 'El asesor me dio buen servicio...', 37, 85018512, '2022-11-08', 'Promotor', '2023-01-13'),
(377, 'Buen servicio', 4, 99668544, '2022-11-08', 'Promotor', '2023-01-13'),
(378, 'Muy buena atención', 41, 80312436, '2022-11-08', 'Promotor', '2023-01-13'),
(379, 'Solventaron mi necesidad de forma rápida', 7, 88224237, '2022-11-08', 'Promotor', '2023-01-13'),
(380, 'La atención fue muy buena y oportuna', 25, 69260163, '2022-11-08', 'Promotor', '2023-01-13'),
(381, '', 6, 91174974, '2022-11-01', 'Detractor', '2023-01-13'),
(382, 'Satisfecho', 54, 80296800, '2022-11-08', 'Promotor', '2023-01-13'),
(383, 'Muy gentil el asesor', 14, 86842123, '2022-11-08', 'Promotor', '2023-01-13'),
(384, 'Mi calificación es de 10 porque la persona que me atendió fue muy paciente y me explicó con claridad estoy satisfecha con la atención del caballero', 11, 92404469, '2022-11-08', 'Promotor', '2023-01-13'),
(385, 'Excelente atención de la Srta. que me atendió solucionó mis inquietudes, felicitaciones ????', 48, 96184403, '2022-11-08', 'Promotor', '2023-01-13'),
(386, 'Exelente', 1, 94874260, '2022-11-08', 'Promotor', '2023-01-13'),
(387, 'Deben colocar más de estos autoservicios y poner más personal para la atención en presencial.', 11, 80553440, '2022-11-08', 'Promotor', '2023-01-13'),
(388, 'Bien', 18, 83364319, '2022-11-08', 'Promotor', '2023-01-13'),
(389, 'La persona que me atendió no soluciona mi requerimiento mucho tiempo de espera', 16, 89065817, '2022-11-08', 'Detractor', '2023-01-13'),
(390, 'Quería cancelar el Plan de Datos y la Persona que me atendió me ofreció un plan que se adecuó a mis necesidades y a mi presupuesto.', 9, 95205352, '2022-11-07', 'Promotor', '2023-01-13'),
(391, 'Muy bien', 52, 85715924, '2022-11-07', 'Promotor', '2023-01-13'),
(392, 'Sigan asi', 53, 68451953, '2022-11-07', 'Promotor', '2023-01-13'),
(393, 'Primero que fui a anular el plan y lo que me supo decir es que tengo que pagar la factura qye no he comsumido y un valor por anular dotes de cumplir 2 años, cuando el asesor con quien trate vía telefónica en momento de acordar la portabilidas el señor nun', 19, 96849536, '2022-11-07', 'Detractor', '2023-01-13'),
(394, 'Por la falta de información correcta por parte de los asesores presenciales', 7, 83025285, '2022-11-07', 'Pasivo', '2023-01-13'),
(395, 'Mucho tiempo de esperar agilitar', 5, 58926193, '2022-11-07', 'Pasivo', '2023-01-13'),
(396, 'La atención fue rápido me gusto mucho', 36, 94406060, '2022-11-07', 'Promotor', '2023-01-13'),
(397, 'Pésimo malísimo el servicio', 48, 68348500, '2022-11-07', 'Detractor', '2023-01-13'),
(398, 'No me gusta la atención por qué siempre salen con lo de ustedes pésimo servicio cada día más', 13, 68015088, '2022-11-07', 'Detractor', '2023-01-13'),
(399, 'Complicado no se escucha nada por medio de una bocina', 32, 95126353, '2022-11-07', 'Promotor', '2023-01-13'),
(400, 'Muy bueno', 25, 79053355, '2022-11-07', 'Promotor', '2023-01-13'),
(401, 'Agilidad y soluciones rápidos', 14, 95364972, '2022-11-07', 'Promotor', '2023-01-13'),
(402, 'Cuando haya algun problema con el plan deberian notificar al usuario para que se acerque a la oficina.... Muchas veces no se puede responder el telefono cuando llaman por el tipo de trabajo de uno ejm terapia intensiva en el que uno esta concentrado en su', 33, 39538338, '2022-11-07', 'Promotor', '2023-01-13'),
(403, 'No asen entender bien mejor me corto la palabra', 25, 67613607, '2022-11-07', 'Detractor', '2023-01-13'),
(404, 'La atención fue rápida y satisfactoria', 2, 69962777, '2022-11-03', 'Promotor', '2023-01-13'),
(405, 'Por qué me dio mucha información que me ayudó a resolver mi problema', 4, 99920942, '2022-11-03', 'Pasivo', '2023-01-13'),
(406, 'Fue exelente la atención', 1, 88177888, '2022-11-03', 'Promotor', '2023-01-13'),
(407, 'Sigan asi con una buena atencion al cliente gracias', 11, 84576226, '2022-11-02', 'Promotor', '2023-01-13'),
(408, 'Por que fue más claro la información ahí y muy bien la chica que me atendió super gentil gracias', 6, 93514131, '2022-11-02', 'Promotor', '2023-01-13'),
(409, 'Atención rápida y personalizada', 4, 93945334, '2022-11-02', 'Pasivo', '2023-01-13'),
(410, 'La atención buena', 34, 96839292, '2022-11-02', 'Promotor', '2023-01-13'),
(411, 'Fue muy bueno', 48, 93172395, '2022-11-02', 'Promotor', '2023-01-13'),
(412, 'Si es cancelación de plan y después del kiosko me van a pasar a un asesor presencial deben hacerlo de una vez para no perder el tiempo', 16, 95831410, '2022-11-02', 'Pasivo', '2023-01-13'),
(413, 'Gracias por solucionar mi problema', 7, 95224131, '2022-11-02', 'Promotor', '2023-01-13'),
(414, 'Buena atención', 11, 67851004, '2022-11-02', 'Pasivo', '2023-01-13'),
(415, 'Que todos los asesores tengan el mismo carisma', 39, 91037948, '2022-11-02', 'Promotor', '2023-01-13'),
(416, 'X buena atención y sugerencias que indico el asesor', 28, 91814155, '2022-11-02', 'Promotor', '2023-01-13'),
(417, 'Muy bueno', 33, 89987584, '2022-11-02', 'Promotor', '2023-01-13'),
(418, 'Q son una tarea de ladrones', 3, 97858454, '2022-11-02', 'Detractor', '2023-01-13'),
(419, 'gracias', 12, 88516156, '2022-11-02', 'Promotor', '2023-01-13'),
(420, 'La atención muy efectiva', 6, 97813304, '2022-11-02', 'Promotor', '2023-01-13'),
(421, 'Bueno', 14, 90661906, '2022-11-01', 'Promotor', '2023-01-13'),
(422, 'El servicio si es eficiente pero a ratos no se escucha con claridad por el auricular', 11, 80732520, '2022-11-01', 'Pasivo', '2023-01-13'),
(423, 'Por qué si ayudaron', 7, 81938212, '2022-11-01', 'Promotor', '2023-01-13'),
(424, 'El\nPeor servicio .. el asesor muy malo .. se dio las vueltas y no me respondió ni solucionó el requerimiento', 15, 95092021, '2022-11-01', 'Detractor', '2023-01-13'),
(425, 'Fuí despejada de todas mis inquietudes y necesidades rápidamente excelente servicio', 12, 89677458, '2022-11-01', 'Promotor', '2023-01-13'),
(426, 'M', 20, 59129081, '2022-11-01', 'Promotor', '2023-01-13'),
(427, 'Todavía está pendiente la respuesta y solución', 14, 87472350, '2022-11-01', 'Promotor', '2023-01-13'),
(428, 'Xq me dieron una solución a mi requerimiento', 26, 82570963, '2022-11-01', 'Promotor', '2023-01-13'),
(429, 'Muy bien felicitaciones por la atención', 26, 90797770, '2022-11-01', 'Pasivo', '2023-01-13'),
(430, 'Porque nadie me.explico po re que me cobran por un servicio que no me.brindan', 1, 88510597, '2022-11-01', 'Detractor', '2023-01-13'),
(431, 'Buena la atención y me dio la solución Requerida', 17, 89405003, '2022-11-01', 'Promotor', '2023-01-13'),
(432, 'Atención normal', 16, 93933949, '2022-11-01', 'Pasivo', '2023-01-13'),
(433, 'Sin comentarios', 40, 80282620, '2022-11-01', 'Detractor', '2023-01-13'),
(434, 'X la bulla q hay en el lugar y no se escucha bm', 45, 84941246, '2022-11-01', 'Pasivo', '2023-01-13'),
(435, 'Xq fue excelente la atención', 48, 91187069, '2022-11-01', 'Promotor', '2023-01-13'),
(436, 'Por qué si', 37, 58801669, '2022-11-01', 'Pasivo', '2023-01-13'),
(437, 'Hasta hoy excelente', 11, 80458744, '2022-11-01', 'Promotor', '2023-01-13');

-- --------------------------------------------------------

--
-- Estructura de tabla para la tabla `planes`
--

CREATE TABLE `planes` (
  `id` int(11) NOT NULL,
  `nombre` varchar(40) NOT NULL,
  `descripcion` varchar(100) DEFAULT NULL
) ENGINE=InnoDB DEFAULT CHARSET=utf8mb4;

--
-- Volcado de datos para la tabla `planes`
--

INSERT INTO `planes` (`id`, `nombre`, `descripcion`) VALUES
(1, 'UPGRADE', NULL),
(2, 'DOWNGRADE', NULL),
(3, 'MISMATB', NULL);

-- --------------------------------------------------------

--
-- Estructura de tabla para la tabla `sites`
--

CREATE TABLE `sites` (
  `id` int(11) NOT NULL,
  `nombre` varchar(40) NOT NULL,
  `descripcion` varchar(100) DEFAULT NULL
) ENGINE=InnoDB DEFAULT CHARSET=utf8mb4;

--
-- Volcado de datos para la tabla `sites`
--

INSERT INTO `sites` (`id`, `nombre`, `descripcion`) VALUES
(1, 'CANT QUITO', NULL),
(2, 'CANT GYE', NULL),
(3, 'ACC GYE', NULL);

-- --------------------------------------------------------

--
-- Estructura de tabla para la tabla `usuarios`
--

CREATE TABLE `usuarios` (
  `id` int(11) NOT NULL,
  `nombre` varchar(100) NOT NULL,
  `clave` varchar(100) NOT NULL
) ENGINE=InnoDB DEFAULT CHARSET=utf8mb4;

--
-- Volcado de datos para la tabla `usuarios`
--

INSERT INTO `usuarios` (`id`, `nombre`, `clave`) VALUES
(1, 'admin', 'admin');

--
-- Índices para tablas volcadas
--

--
-- Indices de la tabla `asesores`
--
ALTER TABLE `asesores`
  ADD PRIMARY KEY (`id`),
  ADD KEY `site_id` (`site_id`);

--
-- Indices de la tabla `baseplanes`
--
ALTER TABLE `baseplanes`
  ADD PRIMARY KEY (`id`),
  ADD KEY `asesor_id` (`asesor_id`),
  ADD KEY `plan_id` (`plan_id`);

--
-- Indices de la tabla `fcr`
--
ALTER TABLE `fcr`
  ADD PRIMARY KEY (`id`),
  ADD KEY `cac_id` (`cac_id`);

--
-- Indices de la tabla `kioscos`
--
ALTER TABLE `kioscos`
  ADD PRIMARY KEY (`id`),
  ADD KEY `site_id` (`site_id`);

--
-- Indices de la tabla `metas`
--
ALTER TABLE `metas`
  ADD PRIMARY KEY (`id`);

--
-- Indices de la tabla `nps`
--
ALTER TABLE `nps`
  ADD PRIMARY KEY (`id`),
  ADD KEY `cac_id` (`cac_id`);

--
-- Indices de la tabla `planes`
--
ALTER TABLE `planes`
  ADD PRIMARY KEY (`id`);

--
-- Indices de la tabla `sites`
--
ALTER TABLE `sites`
  ADD PRIMARY KEY (`id`);

--
-- Indices de la tabla `usuarios`
--
ALTER TABLE `usuarios`
  ADD PRIMARY KEY (`id`);

--
-- AUTO_INCREMENT de las tablas volcadas
--

--
-- AUTO_INCREMENT de la tabla `asesores`
--
ALTER TABLE `asesores`
  MODIFY `id` int(11) NOT NULL AUTO_INCREMENT, AUTO_INCREMENT=220;

--
-- AUTO_INCREMENT de la tabla `baseplanes`
--
ALTER TABLE `baseplanes`
  MODIFY `id` int(11) NOT NULL AUTO_INCREMENT, AUTO_INCREMENT=1046;

--
-- AUTO_INCREMENT de la tabla `fcr`
--
ALTER TABLE `fcr`
  MODIFY `id` int(11) NOT NULL AUTO_INCREMENT, AUTO_INCREMENT=334;

--
-- AUTO_INCREMENT de la tabla `kioscos`
--
ALTER TABLE `kioscos`
  MODIFY `id` int(11) NOT NULL AUTO_INCREMENT, AUTO_INCREMENT=55;

--
-- AUTO_INCREMENT de la tabla `metas`
--
ALTER TABLE `metas`
  MODIFY `id` int(11) NOT NULL AUTO_INCREMENT, AUTO_INCREMENT=3;

--
-- AUTO_INCREMENT de la tabla `nps`
--
ALTER TABLE `nps`
  MODIFY `id` int(11) NOT NULL AUTO_INCREMENT, AUTO_INCREMENT=438;

--
-- AUTO_INCREMENT de la tabla `planes`
--
ALTER TABLE `planes`
  MODIFY `id` int(11) NOT NULL AUTO_INCREMENT, AUTO_INCREMENT=4;

--
-- AUTO_INCREMENT de la tabla `sites`
--
ALTER TABLE `sites`
  MODIFY `id` int(11) NOT NULL AUTO_INCREMENT, AUTO_INCREMENT=4;

--
-- AUTO_INCREMENT de la tabla `usuarios`
--
ALTER TABLE `usuarios`
  MODIFY `id` int(11) NOT NULL AUTO_INCREMENT, AUTO_INCREMENT=2;

--
-- Restricciones para tablas volcadas
--

--
-- Filtros para la tabla `asesores`
--
ALTER TABLE `asesores`
  ADD CONSTRAINT `asesores_ibfk_1` FOREIGN KEY (`site_id`) REFERENCES `sites` (`id`);

--
-- Filtros para la tabla `baseplanes`
--
ALTER TABLE `baseplanes`
  ADD CONSTRAINT `baseplanes_ibfk_1` FOREIGN KEY (`asesor_id`) REFERENCES `asesores` (`id`),
  ADD CONSTRAINT `baseplanes_ibfk_2` FOREIGN KEY (`plan_id`) REFERENCES `planes` (`id`);

--
-- Filtros para la tabla `fcr`
--
ALTER TABLE `fcr`
  ADD CONSTRAINT `fcr_ibfk_1` FOREIGN KEY (`cac_id`) REFERENCES `kioscos` (`id`);

--
-- Filtros para la tabla `kioscos`
--
ALTER TABLE `kioscos`
  ADD CONSTRAINT `kioscos_ibfk_1` FOREIGN KEY (`site_id`) REFERENCES `sites` (`id`);

--
-- Filtros para la tabla `nps`
--
ALTER TABLE `nps`
  ADD CONSTRAINT `nps_ibfk_1` FOREIGN KEY (`cac_id`) REFERENCES `kioscos` (`id`);
COMMIT;

/*!40101 SET CHARACTER_SET_CLIENT=@OLD_CHARACTER_SET_CLIENT */;
/*!40101 SET CHARACTER_SET_RESULTS=@OLD_CHARACTER_SET_RESULTS */;
/*!40101 SET COLLATION_CONNECTION=@OLD_COLLATION_CONNECTION */;
